ExecutionIndex,Timestamp_s,ExecutionTime_ms,FPS
1,0.0146,11297090.0000,0.00
2,0.1025,87.8906,11.38
3,0.1709,68.3594,14.63
4,0.2402,69.3359,14.42
5,0.3291,88.8672,11.25
6,0.3965,67.3828,14.84
7,0.4668,70.3125,14.22
8,0.5547,87.8906,11.38
9,0.6240,69.3359,14.42
10,0.6943,70.3125,14.22
11,0.7822,87.8906,11.38
12,0.8525,70.3125,14.22
13,0.9219,69.3359,14.42
14,1.0117,89.8438,11.13
15,1.0820,70.3125,14.22
16,1.1504,68.3594,14.63
17,1.2188,68.3594,14.63
18,1.2881,69.3359,14.42
19,1.3594,71.2891,14.03
20,1.4473,87.8906,11.38
21,1.5176,70.3125,14.22
22,1.5869,69.3359,14.42
23,1.6738,86.9141,11.51
24,1.7441,70.3125,14.22
25,1.8135,69.3359,14.42
26,1.9014,87.8906,11.38
27,1.9707,69.3359,14.42
28,2.0420,71.2891,14.03
29,2.1299,87.8906,11.38
30,2.2002,70.3125,14.22
31,2.2695,69.3359,14.42
32,2.3584,88.8672,11.25
33,2.4268,68.3594,14.63
34,2.4971,70.3125,14.22
35,2.5859,88.8672,11.25
36,2.6572,71.2891,14.03
37,2.7275,70.3125,14.22
38,2.8184,90.8203,11.01
39,2.8896,71.2891,14.03
40,2.9609,71.2891,14.03
41,3.0498,88.8672,11.25
42,3.1221,72.2656,13.84
43,3.1943,72.2656,13.84
44,3.2842,89.8438,11.13
45,3.3564,72.2656,13.84
46,3.4297,73.2422,13.65
47,3.5205,90.8203,11.01
48,3.5938,73.2422,13.65
49,3.6660,72.2656,13.84
50,3.7578,91.7969,10.89
51,3.8301,72.2656,13.84
52,3.9043,74.2188,13.47
53,3.9951,90.8203,11.01
54,4.0684,73.2422,13.65
55,4.1416,73.2422,13.65
56,4.2334,91.7969,10.89
57,4.3066,73.2422,13.65
58,4.3789,72.2656,13.84
59,4.4707,91.7969,10.89
60,4.5439,73.2422,13.65
61,4.6191,75.1953,13.30
62,4.7109,91.7969,10.89
63,4.7832,72.2656,13.84
64,4.8555,72.2656,13.84
65,4.9482,92.7734,10.78
66,5.0205,72.2656,13.84
67,5.0928,72.2656,13.84
68,5.1846,91.7969,10.89
69,5.2568,72.2656,13.84
70,5.3301,73.2422,13.65
71,5.4219,91.7969,10.89
72,5.4951,73.2422,13.65
73,5.5684,73.2422,13.65
74,5.6602,91.7969,10.89
75,5.7314,71.2891,14.03
76,5.8047,73.2422,13.65
77,5.8965,91.7969,10.89
78,5.9678,71.2891,14.03
79,6.0410,73.2422,13.65
80,6.1328,91.7969,10.89
81,6.2051,72.2656,13.84
82,6.2783,73.2422,13.65
83,6.3691,90.8203,11.01
84,6.4404,71.2891,14.03
85,6.5137,73.2422,13.65
86,6.6055,91.7969,10.89
87,6.6777,72.2656,13.84
88,6.7500,72.2656,13.84
89,6.8418,91.7969,10.89
90,6.9141,72.2656,13.84
91,6.9854,71.2891,14.03
92,7.0771,91.7969,10.89
93,7.1455,68.3594,14.63
94,7.2168,71.2891,14.03
95,7.3057,88.8672,11.25
96,7.3730,67.3828,14.84
97,7.4404,67.3828,14.84
98,7.5088,68.3594,14.63
99,7.5771,68.3594,14.63
100,7.6465,69.3359,14.42
101,7.7334,86.9141,11.51
102,7.8027,69.3359,14.42
103,7.8740,71.2891,14.03
104,7.9639,89.8438,11.13
105,8.0322,68.3594,14.63
106,8.0996,67.3828,14.84
107,8.1680,68.3594,14.63
108,8.2373,69.3359,14.42
109,8.3262,88.8672,11.25
110,8.3945,68.3594,14.63
111,8.4639,69.3359,14.42
112,8.5518,87.8906,11.38
113,8.6201,68.3594,14.63
114,8.6895,69.3359,14.42
115,8.7773,87.8906,11.38
116,8.8467,69.3359,14.42
117,8.9141,67.3828,14.84
118,8.9834,69.3359,14.42
119,9.0527,69.3359,14.42
120,9.1426,89.8438,11.13
121,9.2109,68.3594,14.63
122,9.2793,68.3594,14.63
123,9.3672,87.8906,11.38
124,9.4375,70.3125,14.22
125,9.5068,69.3359,14.42
126,9.5967,89.8438,11.13
127,9.6670,70.3125,14.22
128,9.7373,70.3125,14.22
129,9.8252,87.8906,11.38
130,9.8945,69.3359,14.42
131,9.9648,70.3125,14.22
132,10.0537,88.8672,11.25
133,10.1240,70.3125,14.22
134,10.1943,70.3125,14.22
135,10.2842,89.8438,11.13
136,10.3535,69.3359,14.42
137,10.4219,68.3594,14.63
138,10.4922,70.3125,14.22
139,10.5811,88.8672,11.25
140,10.6514,70.3125,14.22
141,10.7217,70.3125,14.22
142,10.8106,88.8672,11.25
143,10.8809,70.3125,14.22
144,10.9512,70.3125,14.22
145,11.0195,68.3594,14.63
146,11.1074,87.8906,11.38
147,11.1768,69.3359,14.42
148,11.2471,70.3125,14.22
149,11.3350,87.8906,11.38
150,11.4043,69.3359,14.42
151,11.4922,87.8906,11.38
152,11.5606,68.3594,14.63
153,11.6289,68.3594,14.63
154,11.6963,67.3828,14.84
155,11.7656,69.3359,14.42
156,11.8555,89.8438,11.13
157,11.9248,69.3359,14.42
158,12.0137,88.8672,11.25
159,12.0811,67.3828,14.84
160,12.1514,70.3125,14.22
161,12.2393,87.8906,11.38
162,12.3096,70.3125,14.22
163,12.3799,70.3125,14.22
164,12.4697,89.8438,11.13
165,12.5381,68.3594,14.63
166,12.6074,69.3359,14.42
167,12.6768,69.3359,14.42
168,12.7461,69.3359,14.42
169,12.8350,88.8672,11.25
170,12.9033,68.3594,14.63
171,12.9727,69.3359,14.42
172,13.0615,88.8672,11.25
173,13.1318,70.3125,14.22
174,13.2012,69.3359,14.42
175,13.2900,88.8672,11.25
176,13.3594,69.3359,14.42
177,13.4297,70.3125,14.22
178,13.4961,66.4063,15.06
179,13.5859,89.8438,11.13
180,13.6572,71.2891,14.03
181,13.7471,89.8438,11.13
182,13.8154,68.3594,14.63
183,13.8848,69.3359,14.42
184,13.9551,70.3125,14.22
185,14.0440,88.8672,11.25
186,14.1133,69.3359,14.42
187,14.1826,69.3359,14.42
188,14.2715,88.8672,11.25
189,14.3398,68.3594,14.63
190,14.4092,69.3359,14.42
191,14.4824,73.2422,13.65
192,14.5498,67.3828,14.84
193,14.6191,69.3359,14.42
194,14.7100,89.8438,11.13
195,14.7773,67.3828,14.84
196,14.8496,72.2656,13.84
197,14.9395,89.8438,11.13
198,15.0098,70.3125,14.22
199,15.0801,70.3125,14.22
200,15.1709,90.8203,11.01
201,15.2422,71.2891,14.03
202,15.3106,68.3594,14.63
203,15.3818,71.2891,14.03
204,15.4522,70.3125,14.22
205,15.5244,72.2656,13.84
206,15.6143,89.8438,11.13
207,15.6856,71.2891,14.03
208,15.7754,89.8438,11.13
209,15.8447,69.3359,14.42
210,15.9141,69.3359,14.42
211,16.0020,87.8906,11.38
212,16.0723,70.3125,14.22
213,16.1426,70.3125,14.22
214,16.2315,88.8672,11.25
215,16.3008,69.3359,14.42
216,16.3701,69.3359,14.42
217,16.4590,88.8672,11.25
218,16.5293,70.3125,14.22
219,16.5986,69.3359,14.42
220,16.6875,88.8672,11.25
221,16.7559,68.3594,14.63
222,16.8232,67.3828,14.84
223,16.8926,69.3359,14.42
224,16.9805,87.8906,11.38
225,17.0488,68.3594,14.63
226,17.1201,71.2891,14.03
227,17.2109,90.8203,11.01
228,17.2813,70.3125,14.22
229,17.3496,68.3594,14.63
230,17.4180,68.3594,14.63
231,17.4883,70.3125,14.22
232,17.5781,89.8438,11.13
233,17.6475,69.3359,14.42
234,17.7188,71.2891,14.03
235,17.8066,87.8906,11.38
236,17.8760,69.3359,14.42
237,17.9473,70.3125,14.22
238,18.0361,88.8672,11.25
239,18.1055,69.3359,14.42
240,18.1768,71.2891,14.03
241,18.2656,88.8672,11.25
242,18.3350,69.3359,14.42
243,18.4053,70.3125,14.22
244,18.4951,89.8438,11.13
245,18.5654,70.3125,14.22
246,18.6348,69.3359,14.42
247,18.7236,88.8672,11.25
248,18.7940,70.3125,14.22
249,18.8652,71.2891,14.03
250,18.9541,88.8672,11.25
251,19.0234,69.3359,14.42
252,19.0938,70.3125,14.22
253,19.1816,87.8906,11.38
254,19.2520,70.3125,14.22
255,19.3232,71.2891,14.03
256,19.4111,87.8906,11.38
257,19.4815,70.3125,14.22
258,19.5508,69.3359,14.42
259,19.6406,89.8438,11.13
260,19.7109,70.3125,14.22
261,19.7822,71.2891,14.03
262,19.8711,88.8672,11.25
263,19.9414,70.3125,14.22
264,20.0127,71.2891,14.03
265,20.1016,88.8672,11.25
266,20.1709,69.3359,14.42
267,20.2383,67.3828,14.84
268,20.3066,68.3594,14.63
269,20.3760,69.3359,14.42
270,20.4668,90.8203,11.01
271,20.5342,67.3828,14.84
272,20.6045,70.3125,14.22
273,20.6943,89.8438,11.13
274,20.7656,71.2891,14.03
275,20.8369,71.2891,14.03
276,20.9258,88.8672,11.25
277,20.9951,69.3359,14.42
278,21.0664,71.2891,14.03
279,21.1553,88.8672,11.25
280,21.2256,70.3125,14.22
281,21.2959,70.3125,14.22
282,21.3848,88.8672,11.25
283,21.4551,70.3125,14.22
284,21.5264,71.2891,14.03
285,21.6172,90.8203,11.01
286,21.6885,71.2891,14.03
287,21.7588,70.3125,14.22
288,21.8291,70.3125,14.22
289,21.9170,87.8906,11.38
290,21.9863,69.3359,14.42
291,22.0576,71.2891,14.03
292,22.1465,88.8672,11.25
293,22.2178,71.2891,14.03
294,22.2871,69.3359,14.42
295,22.3584,71.2891,14.03
296,22.4277,69.3359,14.42
297,22.4981,70.3125,14.22
298,22.5703,72.2656,13.84
299,22.6602,89.8438,11.13
300,22.7305,70.3125,14.22
301,22.8018,71.2891,14.03
302,22.8936,91.7969,10.89
303,22.9629,69.3359,14.42
304,23.0352,72.2656,13.84
305,23.1250,89.8438,11.13
306,23.1963,71.2891,14.03
307,23.2666,70.3125,14.22
308,23.3574,90.8203,11.01
309,23.4277,70.3125,14.22
310,23.4990,71.2891,14.03
311,23.5684,69.3359,14.42
312,23.6602,91.7969,10.89
313,23.7334,73.2422,13.65
314,23.8076,74.2188,13.47
315,23.9004,92.7734,10.78
316,23.9707,70.3125,14.22
317,24.0381,67.3828,14.84
318,24.1084,70.3125,14.22
319,24.1777,69.3359,14.42
320,24.2666,88.8672,11.25
321,24.3350,68.3594,14.63
322,24.4043,69.3359,14.42
323,24.4951,90.8203,11.01
324,24.5645,69.3359,14.42
325,24.6533,88.8672,11.25
326,24.7246,71.2891,14.03
327,24.8135,88.8672,11.25
328,24.8818,68.3594,14.63
329,24.9512,69.3359,14.42
330,25.0391,87.8906,11.38
331,25.1084,69.3359,14.42
332,25.1787,70.3125,14.22
333,25.2666,87.8906,11.38
334,25.3359,69.3359,14.42
335,25.4053,69.3359,14.42
336,25.4971,91.7969,10.89
337,25.5664,69.3359,14.42
338,25.6367,70.3125,14.22
339,25.7266,89.8438,11.13
340,25.7959,69.3359,14.42
341,25.8643,68.3594,14.63
342,25.9336,69.3359,14.42
343,26.0020,68.3594,14.63
344,26.0918,89.8438,11.13
345,26.1592,67.3828,14.84
346,26.2285,69.3359,14.42
347,26.3174,88.8672,11.25
348,26.3857,68.3594,14.63
349,26.4541,68.3594,14.63
350,26.5430,88.8672,11.25
351,26.6113,68.3594,14.63
352,26.6807,69.3359,14.42
353,26.7695,88.8672,11.25
354,26.8379,68.3594,14.63
355,26.9072,69.3359,14.42
356,26.9941,86.9141,11.51
357,27.0625,68.3594,14.63
358,27.1309,68.3594,14.63
359,27.2188,87.8906,11.38
360,27.2861,67.3828,14.84
361,27.3555,69.3359,14.42
362,27.4424,86.9141,11.51
363,27.5107,68.3594,14.63
364,27.5840,73.2422,13.65
365,27.6709,86.9141,11.51
366,27.7383,67.3828,14.84
367,27.8076,69.3359,14.42
368,27.8945,86.9141,11.51
369,27.9619,67.3828,14.84
370,28.0313,69.3359,14.42
371,28.1182,86.9141,11.51
372,28.1865,68.3594,14.63
373,28.2549,68.3594,14.63
374,28.3428,87.8906,11.38
375,28.4102,67.3828,14.84
376,28.4785,68.3594,14.63
377,28.5664,87.8906,11.38
378,28.6338,67.3828,14.84
379,28.7022,68.3594,14.63
380,28.7891,86.9141,11.51
381,28.8574,68.3594,14.63
382,28.9258,68.3594,14.63
383,29.0147,88.8672,11.25
384,29.0840,69.3359,14.42
385,29.1543,70.3125,14.22
386,29.2432,88.8672,11.25
387,29.3125,69.3359,14.42
388,29.3838,71.2891,14.03
389,29.4736,89.8438,11.13
390,29.5430,69.3359,14.42
391,29.6123,69.3359,14.42
392,29.7012,88.8672,11.25
393,29.7715,70.3125,14.22
394,29.8418,70.3125,14.22
395,29.9287,86.9141,11.51
396,29.9941,65.4297,15.28
397,30.0615,67.3828,14.84
398,30.1299,68.3594,14.63
399,30.1963,66.4063,15.06
400,30.2647,67.3828,14.84
401,30.3320,67.3828,14.84
402,30.4004,68.3594,14.63
403,30.4668,66.4063,15.06
404,30.5352,68.3594,14.63
405,30.6035,68.3594,14.63
406,30.6563,52.7344,18.96
407,30.7256,69.3359,14.42
408,30.7969,71.2891,14.03
409,30.8877,90.8203,11.01
410,30.9600,72.2656,13.84
411,31.0518,91.7969,10.89
412,31.1201,68.3594,14.63
413,31.1914,71.2891,14.03
414,31.2813,89.8438,11.13
415,31.3516,70.3125,14.22
416,31.4434,91.7969,10.89
417,31.5137,70.3125,14.22
418,31.5840,70.3125,14.22
419,31.6533,69.3359,14.42
420,31.7441,90.8203,11.01
421,31.8154,71.2891,14.03
422,31.9053,89.8438,11.13
423,31.9736,68.3594,14.63
424,32.0440,70.3125,14.22
425,32.1338,89.8438,11.13
426,32.2031,69.3359,14.42
427,32.2754,72.2656,13.84
428,32.3438,68.3594,14.63
429,32.4326,88.8672,11.25
430,32.5020,69.3359,14.42
431,32.5908,88.8672,11.25
432,32.6592,68.3594,14.63
433,32.7295,70.3125,14.22
434,32.8203,90.8203,11.01
435,32.8906,70.3125,14.22
436,32.9609,70.3125,14.22
437,33.0518,90.8203,11.01
438,33.1231,71.2891,14.03
439,33.2139,90.8203,11.01
440,33.2832,69.3359,14.42
441,33.3721,88.8672,11.25
442,33.4424,70.3125,14.22
443,33.5322,89.8438,11.13
444,33.6006,68.3594,14.63
445,33.6699,69.3359,14.42
446,33.7402,70.3125,14.22
447,33.8106,70.3125,14.22
448,33.9014,90.8203,11.01
449,33.9717,70.3125,14.22
450,34.0615,89.8438,11.13
451,34.1289,67.3828,14.84
452,34.2012,72.2656,13.84
453,34.2930,91.7969,10.89
454,34.3643,71.2891,14.03
455,34.4551,90.8203,11.01
456,34.5273,72.2656,13.84
457,34.5986,71.2891,14.03
458,34.6699,71.2891,14.03
459,34.7432,73.2422,13.65
460,34.8350,91.7969,10.89
461,34.9063,71.2891,14.03
462,34.9990,92.7734,10.78
463,35.0684,69.3359,14.42
464,35.1416,73.2422,13.65
465,35.2324,90.8203,11.01
466,35.3037,71.2891,14.03
467,35.3760,72.2656,13.84
468,35.4668,90.8203,11.01
469,35.5371,70.3125,14.22
470,35.6279,90.8203,11.01
471,35.6973,69.3359,14.42
472,35.7686,71.2891,14.03
473,35.8594,90.8203,11.01
474,35.9307,71.2891,14.03
475,36.0205,89.8438,11.13
476,36.0889,68.3594,14.63
477,36.1602,71.2891,14.03
478,36.2520,91.7969,10.89
479,36.3223,70.3125,14.22
480,36.4131,90.8203,11.01
481,36.4805,67.3828,14.84
482,36.5518,71.2891,14.03
483,36.6426,90.8203,11.01
484,36.7129,70.3125,14.22
485,36.8047,91.7969,10.89
486,36.8731,68.3594,14.63
487,36.9453,72.2656,13.84
488,37.0361,90.8203,11.01
489,37.1065,70.3125,14.22
490,37.1777,71.2891,14.03
491,37.2686,90.8203,11.01
492,37.3389,70.3125,14.22
493,37.4287,89.8438,11.13
494,37.4981,69.3359,14.42
495,37.5684,70.3125,14.22
496,37.6582,89.8438,11.13
497,37.7285,70.3125,14.22
498,37.8184,89.8438,11.13
499,37.8857,67.3828,14.84
500,37.9561,70.3125,14.22
501,38.0459,89.8438,11.13
502,38.1162,70.3125,14.22
503,38.1875,71.2891,14.03
504,38.2783,90.8203,11.01
505,38.3486,70.3125,14.22
506,38.4395,90.8203,11.01
507,38.5068,67.3828,14.84
508,38.5772,70.3125,14.22
509,38.6670,89.8438,11.13
510,38.7373,70.3125,14.22
511,38.8281,90.8203,11.01
512,38.8975,69.3359,14.42
513,38.9678,70.3125,14.22
514,39.0391,71.2891,14.03
515,39.1104,71.2891,14.03
516,39.2022,91.7969,10.89
517,39.2734,71.2891,14.03
518,39.3643,90.8203,11.01
519,39.4336,69.3359,14.42
520,39.5049,71.2891,14.03
521,39.5957,90.8203,11.01
522,39.6670,71.2891,14.03
523,39.7588,91.7969,10.89
524,39.8272,68.3594,14.63
525,39.8994,72.2656,13.84
526,39.9902,90.8203,11.01
527,40.0615,71.2891,14.03
528,40.1533,91.7969,10.89
529,40.2236,70.3125,14.22
530,40.2949,71.2891,14.03
531,40.3867,91.7969,10.89
532,40.4580,71.2891,14.03
533,40.5293,71.2891,14.03
534,40.6211,91.7969,10.89
535,40.6934,72.2656,13.84
536,40.7852,91.7969,10.89
537,40.8555,70.3125,14.22
538,40.9268,71.2891,14.03
539,41.0186,91.7969,10.89
540,41.0898,71.2891,14.03
541,41.1631,73.2422,13.65
542,41.2344,71.2891,14.03
543,41.3262,91.7969,10.89
544,41.3984,72.2656,13.84
545,41.4678,69.3359,14.42
546,41.5381,70.3125,14.22
547,41.6299,91.7969,10.89
548,41.7022,72.2656,13.84
549,41.7940,91.7969,10.89
550,41.8652,71.2891,14.03
551,41.9570,91.7969,10.89
552,42.0283,71.2891,14.03
553,42.1211,92.7734,10.78
554,42.1914,70.3125,14.22
555,42.2627,71.2891,14.03
556,42.3555,92.7734,10.78
557,42.4268,71.2891,14.03
558,42.5000,73.2422,13.65
559,42.5928,92.7734,10.78
560,42.6641,71.2891,14.03
561,42.7363,72.2656,13.84
562,42.8291,92.7734,10.78
563,42.9023,73.2422,13.65
564,42.9941,91.7969,10.89
565,43.0693,75.1953,13.30
566,43.1621,92.7734,10.78
567,43.2363,74.2188,13.47
568,43.3086,72.2656,13.84
569,43.4014,92.7734,10.78
570,43.4766,75.1953,13.30
571,43.5693,92.7734,10.78
572,43.6406,71.2891,14.03
573,43.7129,72.2656,13.84
574,43.7852,72.2656,13.84
575,43.8740,88.8672,11.25
576,43.9229,48.8281,20.48
577,43.9883,65.4297,15.28
578,44.0361,47.8516,20.90
579,44.1016,65.4297,15.28
580,44.1494,47.8516,20.90
581,44.2139,64.4531,15.52
582,44.2607,46.8750,21.33
583,44.3252,64.4531,15.52
584,44.3731,47.8516,20.90
585,44.4375,64.4531,15.52
586,44.4854,47.8516,20.90
587,44.5488,63.4766,15.75
588,44.5977,48.8281,20.48
589,44.6611,63.4766,15.75
590,44.7090,47.8516,20.90
591,44.7734,64.4531,15.52
592,44.8223,48.8281,20.48
593,44.8857,63.4766,15.75
594,44.9346,48.8281,20.48
595,44.9990,64.4531,15.52
596,45.0459,46.8750,21.33
597,45.1104,64.4531,15.52
598,45.1592,48.8281,20.48
599,45.2246,65.4297,15.28
600,45.2715,46.8750,21.33
601,45.3350,63.4766,15.75
602,45.3828,47.8516,20.90
603,45.4482,65.4297,15.28
604,45.4951,46.8750,21.33
605,45.5596,64.4531,15.52
606,45.6084,48.8281,20.48
607,45.6729,64.4531,15.52
608,45.7207,47.8516,20.90
609,45.7852,64.4531,15.52
610,45.8340,48.8281,20.48
611,45.8984,64.4531,15.52
612,45.9463,47.8516,20.90
613,46.0098,63.4766,15.75
614,46.0586,48.8281,20.48
615,46.1221,63.4766,15.75
616,46.1699,47.8516,20.90
617,46.2344,64.4531,15.52
618,46.2822,47.8516,20.90
619,46.3467,64.4531,15.52
620,46.3945,47.8516,20.90
621,46.4609,66.4063,15.06
622,46.5332,72.2656,13.84
623,46.6055,72.2656,13.84
624,46.6699,64.4531,15.52
625,46.7207,50.7813,19.69
626,46.7881,67.3828,14.84
627,46.8359,47.8516,20.90
628,46.9004,64.4531,15.52
629,46.9639,63.4766,15.75
630,47.0313,67.3828,14.84
631,47.0996,68.3594,14.63
632,47.1494,49.8047,20.08
633,47.2139,64.4531,15.52
634,47.2861,72.2656,13.84
635,47.3350,48.8281,20.48
636,47.4014,66.4063,15.06
637,47.4717,70.3125,14.22
638,47.5361,64.4531,15.52
639,47.5840,47.8516,20.90
640,47.6475,63.4766,15.75
641,47.7119,64.4531,15.52
642,47.7627,50.7813,19.69
643,47.8096,46.8750,21.33
644,47.8770,67.3828,14.84
645,47.9453,68.3594,14.63
646,48.0137,68.3594,14.63
647,48.0781,64.4531,15.52
648,48.1260,47.8516,20.90
649,48.1904,64.4531,15.52
650,48.2383,47.8516,20.90
651,48.3037,65.4297,15.28
652,48.3721,68.3594,14.63
653,48.4434,71.2891,14.03
654,48.5322,88.8672,11.25
655,48.6035,71.2891,14.03
656,48.6758,72.2656,13.84
657,48.7666,90.8203,11.01
658,48.8369,70.3125,14.22
659,48.9082,71.2891,14.03
660,48.9981,89.8438,11.13
661,49.0693,71.2891,14.03
662,49.1406,71.2891,14.03
663,49.2305,89.8438,11.13
664,49.3018,71.2891,14.03
665,49.3731,71.2891,14.03
666,49.4639,90.8203,11.01
667,49.5332,69.3359,14.42
668,49.6055,72.2656,13.84
669,49.6748,69.3359,14.42
670,49.7656,90.8203,11.01
671,49.8389,73.2422,13.65
672,49.9307,91.7969,10.89
673,50.0049,74.2188,13.47
674,50.0957,90.8203,11.01
675,50.1690,73.2422,13.65
676,50.2402,71.2891,14.03
677,50.3320,91.7969,10.89
678,50.4033,71.2891,14.03
679,50.4756,72.2656,13.84
680,50.5469,71.2891,14.03
681,50.6377,90.8203,11.01
682,50.7100,72.2656,13.84
683,50.7842,74.2188,13.47
684,50.8750,90.8203,11.01
685,50.9463,71.2891,14.03
686,51.0156,69.3359,14.42
687,51.0889,73.2422,13.65
688,51.1787,89.8438,11.13
689,51.2510,72.2656,13.84
690,51.3223,71.2891,14.03
691,51.4141,91.7969,10.89
692,51.4834,69.3359,14.42
693,51.5479,64.4531,15.52
694,51.5977,49.8047,20.08
695,51.6650,67.3828,14.84
696,51.7373,72.2656,13.84
697,51.8066,69.3359,14.42
698,51.8799,73.2422,13.65
699,51.9482,68.3594,14.63
700,51.9961,47.8516,20.90
701,52.0606,64.4531,15.52
702,52.1094,48.8281,20.48
703,52.1768,67.3828,14.84
704,52.2500,73.2422,13.65
705,52.3213,71.2891,14.03
706,52.3955,74.2188,13.47
707,52.4873,91.7969,10.89
708,52.5606,73.2422,13.65
709,52.6338,73.2422,13.65
710,52.7246,90.8203,11.01
711,52.7969,72.2656,13.84
712,52.8711,74.2188,13.47
713,52.9629,91.7969,10.89
714,53.0352,72.2656,13.84
715,53.1084,73.2422,13.65
716,53.2012,92.7734,10.78
717,53.2734,72.2656,13.84
718,53.3477,74.2188,13.47
719,53.4395,91.7969,10.89
720,53.5117,72.2656,13.84
721,53.5850,73.2422,13.65
722,53.6768,91.7969,10.89
723,53.7490,72.2656,13.84
724,53.8223,73.2422,13.65
725,53.9160,93.7500,10.67
726,53.9873,71.2891,14.03
727,54.0615,74.2188,13.47
728,54.1523,90.8203,11.01
729,54.2246,72.2656,13.84
730,54.2969,72.2656,13.84
731,54.3887,91.7969,10.89
732,54.4619,73.2422,13.65
733,54.5352,73.2422,13.65
734,54.6279,92.7734,10.78
735,54.7002,72.2656,13.84
736,54.7725,72.2656,13.84
737,54.8652,92.7734,10.78
738,54.9385,73.2422,13.65
739,55.0107,72.2656,13.84
740,55.1035,92.7734,10.78
741,55.1768,73.2422,13.65
742,55.2500,73.2422,13.65
743,55.3418,91.7969,10.89
744,55.4150,73.2422,13.65
745,55.4883,73.2422,13.65
746,55.5811,92.7734,10.78
747,55.6523,71.2891,14.03
748,55.7256,73.2422,13.65
749,55.8184,92.7734,10.78
750,55.8906,72.2656,13.84
751,55.9639,73.2422,13.65
752,56.0566,92.7734,10.78
753,56.1270,70.3125,14.22
754,56.2002,73.2422,13.65
755,56.2940,93.7500,10.67
756,56.3652,71.2891,14.03
757,56.4375,72.2656,13.84
758,56.5273,89.8438,11.13
759,56.5986,71.2891,14.03
760,56.6709,72.2656,13.84
761,56.7607,89.8438,11.13
762,56.8320,71.2891,14.03
763,56.9043,72.2656,13.84
764,56.9941,89.8438,11.13
765,57.0664,72.2656,13.84
766,57.1387,72.2656,13.84
767,57.2295,90.8203,11.01
768,57.3018,72.2656,13.84
769,57.3740,72.2656,13.84
770,57.4648,90.8203,11.01
771,57.5352,70.3125,14.22
772,57.6074,72.2656,13.84
773,57.6982,90.8203,11.01
774,57.7686,70.3125,14.22
775,57.8408,72.2656,13.84
776,57.9316,90.8203,11.01
777,58.0020,70.3125,14.22
778,58.0742,72.2656,13.84
779,58.1660,91.7969,10.89
780,58.2363,70.3125,14.22
781,58.3076,71.2891,14.03
782,58.3975,89.8438,11.13
783,58.4688,71.2891,14.03
784,58.5391,70.3125,14.22
785,58.6299,90.8203,11.01
786,58.7012,71.2891,14.03
787,58.7725,71.2891,14.03
788,58.8584,85.9375,11.64
789,58.9082,49.8047,20.08
790,58.9727,64.4531,15.52
791,59.0371,64.4531,15.52
792,59.0859,48.8281,20.48
793,59.1338,47.8516,20.90
794,59.1982,64.4531,15.52
795,59.2471,48.8281,20.48
796,59.3115,64.4531,15.52
797,59.3760,64.4531,15.52
798,59.4258,49.8047,20.08
799,59.4912,65.4297,15.28
800,59.5391,47.8516,20.90
801,59.6035,64.4531,15.52
802,59.6504,46.8750,21.33
803,59.7148,63.4766,15.75
804,59.7793,64.4531,15.52
805,59.8281,48.8281,20.48
806,59.8916,63.4766,15.75
807,59.9561,64.4531,15.52
808,60.0049,48.8281,20.48
809,60.0732,68.3594,14.63
810,60.1406,67.3828,14.84
811,60.1875,46.8750,21.33
812,60.2520,64.4531,15.52
813,60.2998,47.8516,20.90
814,60.3643,64.4531,15.52
815,60.4131,48.8281,20.48
816,60.4766,63.4766,15.75
817,60.5410,64.4531,15.52
818,60.5898,48.8281,20.48
819,60.6563,66.4063,15.06
820,60.7236,67.3828,14.84
821,60.7940,70.3125,14.22
822,60.8848,90.8203,11.01
823,60.9570,72.2656,13.84
824,61.0293,72.2656,13.84
825,61.1191,89.8438,11.13
826,61.1904,71.2891,14.03
827,61.2607,70.3125,14.22
828,61.3467,85.9375,11.64
829,61.3955,47.8516,20.90
830,61.4609,65.4297,15.28
831,61.5098,48.8281,20.48
832,61.5742,64.4531,15.52
833,61.6221,47.8516,20.90
834,61.6865,64.4531,15.52
835,61.7354,48.8281,20.48
836,61.7998,64.4531,15.52
837,61.8682,68.3594,14.63
838,61.9326,64.4531,15.52
839,61.9805,47.8516,20.90
840,62.0440,63.4766,15.75
841,62.0918,47.8516,20.90
842,62.1563,64.4531,15.52
843,62.2051,48.8281,20.48
844,62.2686,63.4766,15.75
845,62.3164,47.8516,20.90
846,62.3818,65.4297,15.28
847,62.4297,47.8516,20.90
848,62.4941,64.4531,15.52
849,62.5586,64.4531,15.52
850,62.6260,67.3828,14.84
851,62.6758,49.8047,20.08
852,62.7402,64.4531,15.52
853,62.7891,48.8281,20.48
854,62.8525,63.4766,15.75
855,62.9014,48.8281,20.48
856,62.9648,63.4766,15.75
857,63.0117,46.8750,21.33
858,63.0791,67.3828,14.84
859,63.1270,47.8516,20.90
860,63.1924,65.4297,15.28
861,63.2598,67.3828,14.84
862,63.3066,46.8750,21.33
863,63.3721,65.4297,15.28
864,63.4190,46.8750,21.33
865,63.4834,64.4531,15.52
866,63.5313,47.8516,20.90
867,63.5977,66.4063,15.06
868,63.6670,69.3359,14.42
869,63.7363,69.3359,14.42
870,63.8047,68.3594,14.63
871,63.8731,68.3594,14.63
872,63.9619,88.8672,11.25
873,64.0303,68.3594,14.63
874,64.1006,70.3125,14.22
875,64.1660,65.4297,15.28
876,64.2344,68.3594,14.63
877,64.3027,68.3594,14.63
878,64.3672,64.4531,15.52
879,64.4170,49.8047,20.08
880,64.4824,65.4297,15.28
881,64.5293,46.8750,21.33
882,64.5938,64.4531,15.52
883,64.6416,47.8516,20.90
884,64.7061,64.4531,15.52
885,64.7529,46.8750,21.33
886,64.8174,64.4531,15.52
887,64.8643,46.8750,21.33
888,64.9297,65.4297,15.28
889,64.9775,47.8516,20.90
890,65.0440,66.4063,15.06
891,65.0918,47.8516,20.90
892,65.1563,64.4531,15.52
893,65.2041,47.8516,20.90
894,65.2510,46.8750,21.33
895,65.3154,64.4531,15.52
896,65.3623,46.8750,21.33
897,65.4277,65.4297,15.28
898,65.4746,46.8750,21.33
899,65.5391,64.4531,15.52
900,65.5869,47.8516,20.90
901,65.6514,64.4531,15.52
902,65.6992,47.8516,20.90
903,65.7637,64.4531,15.52
904,65.8106,46.8750,21.33
905,65.8779,67.3828,14.84
906,65.9453,67.3828,14.84
907,65.9932,47.8516,20.90
908,66.0576,64.4531,15.52
909,66.1055,47.8516,20.90
910,66.1699,64.4531,15.52
911,66.2178,47.8516,20.90
912,66.2822,64.4531,15.52
913,66.3301,47.8516,20.90
914,66.3945,64.4531,15.52
915,66.4424,47.8516,20.90
916,66.5059,63.4766,15.75
917,66.5547,48.8281,20.48
918,66.6191,64.4531,15.52
919,66.6670,47.8516,20.90
920,66.7295,62.5000,16.00
921,66.7783,48.8281,20.48
922,66.8428,64.4531,15.52
923,66.8906,47.8516,20.90
924,66.9551,64.4531,15.52
925,67.0195,64.4531,15.52
926,67.0859,66.4063,15.06
927,67.1533,67.3828,14.84
928,67.2207,67.3828,14.84
929,67.2734,52.7344,18.96
930,67.3418,68.3594,14.63
931,67.4131,71.2891,14.03
932,67.5010,87.8906,11.38
933,67.5498,48.8281,20.48
934,67.6133,63.4766,15.75
935,67.6611,47.8516,20.90
936,67.7256,64.4531,15.52
937,67.7734,47.8516,20.90
938,67.8408,67.3828,14.84
939,67.9092,68.3594,14.63
940,67.9815,72.2656,13.84
941,68.0723,90.8203,11.01
942,68.1426,70.3125,14.22
943,68.2148,72.2656,13.84
944,68.3057,90.8203,11.01
945,68.3750,69.3359,14.42
946,68.4473,72.2656,13.84
947,68.5371,89.8438,11.13
948,68.6074,70.3125,14.22
949,68.6787,71.2891,14.03
950,68.7686,89.8438,11.13
951,68.8340,65.4297,15.28
952,68.8848,50.7813,19.69
953,68.9502,65.4297,15.28
954,69.0186,68.3594,14.63
955,69.0840,65.4297,15.28
956,69.1494,65.4297,15.28
957,69.2158,66.4063,15.06
958,69.2832,67.3828,14.84
959,69.3496,66.4063,15.06
960,69.4023,52.7344,18.96
961,69.4736,71.2891,14.03
962,69.5459,72.2656,13.84
963,69.6357,89.8438,11.13
964,69.7070,71.2891,14.03
965,69.7783,71.2891,14.03
966,69.8691,90.8203,11.01
967,69.9395,70.3125,14.22
968,70.0088,69.3359,14.42
969,70.0791,70.3125,14.22
970,70.1690,89.8438,11.13
971,70.2412,72.2656,13.84
972,70.3135,72.2656,13.84
973,70.4033,89.8438,11.13
974,70.4746,71.2891,14.03
975,70.5440,69.3359,14.42
976,70.5908,46.8750,21.33
977,70.6543,63.4766,15.75
978,70.7031,48.8281,20.48
979,70.7666,63.4766,15.75
980,70.8154,48.8281,20.48
981,70.8828,67.3828,14.84
982,70.9307,47.8516,20.90
983,70.9961,65.4297,15.28
984,71.0449,48.8281,20.48
985,71.1094,64.4531,15.52
986,71.1563,46.8750,21.33
987,71.2207,64.4531,15.52
988,71.2686,47.8516,20.90
989,71.3330,64.4531,15.52
990,71.3809,47.8516,20.90
991,71.4453,64.4531,15.52
992,71.4922,46.8750,21.33
993,71.5566,64.4531,15.52
994,71.6045,47.8516,20.90
995,71.6699,65.4297,15.28
996,71.7168,46.8750,21.33
997,71.7832,66.4063,15.06
998,71.8311,47.8516,20.90
999,71.8945,63.4766,15.75
1000,71.9443,49.8047,20.08
1001,72.0117,67.3828,14.84
1002,72.0781,66.4063,15.06
1003,72.1270,48.8281,20.48
1004,72.1914,64.4531,15.52
1005,72.2383,46.8750,21.33
1006,72.3027,64.4531,15.52
1007,72.3516,48.8281,20.48
1008,72.4160,64.4531,15.52
1009,72.4639,47.8516,20.90
1010,72.5283,64.4531,15.52
1011,72.5772,48.8281,20.48
1012,72.6416,64.4531,15.52
1013,72.6895,47.8516,20.90
1014,72.7520,62.5000,16.00
1015,72.7998,47.8516,20.90
1016,72.8691,69.3359,14.42
1017,72.9424,73.2422,13.65
1018,73.0195,77.1484,12.96
1019,73.0928,73.2422,13.65
1020,73.1748,82.0313,12.19
1021,73.2744,99.6094,10.04
1022,73.3506,76.1719,13.13
1023,73.4229,72.2656,13.84
1024,73.4990,76.1719,13.13
1025,73.5732,74.2188,13.47
1026,73.6475,74.2188,13.47
1027,73.7178,70.3125,14.22
1028,73.7910,73.2422,13.65
1029,73.8652,74.2188,13.47
1030,73.9404,75.1953,13.30
1031,74.0410,100.5859,9.94
1032,74.1172,76.1719,13.13
1033,74.1904,73.2422,13.65
1034,74.2676,77.1484,12.96
1035,74.3643,96.6797,10.34
1036,74.4385,74.2188,13.47
1037,74.5156,77.1484,12.96
1038,74.5918,76.1719,13.13
1039,74.6680,76.1719,13.13
1040,74.7441,76.1719,13.13
1041,74.8408,96.6797,10.34
1042,74.9150,74.2188,13.47
1043,74.9922,77.1484,12.96
1044,75.0684,76.1719,13.13
1045,75.1650,96.6797,10.34
1046,75.2393,73.2422,13.65
1047,75.3164,77.1484,12.96
1048,75.3936,77.1484,12.96
1049,75.4912,97.6563,10.24
1050,75.5645,73.2422,13.65
1051,75.6406,76.1719,13.13
1052,75.7168,76.1719,13.13
1053,75.8145,97.6563,10.24
1054,75.8897,75.1953,13.30
1055,75.9863,96.6797,10.34
1056,76.0596,73.2422,13.65
1057,76.1367,77.1484,12.96
1058,76.2129,76.1719,13.13
1059,76.2891,76.1719,13.13
1060,76.3662,77.1484,12.96
1061,76.4678,101.5625,9.85
1062,76.5508,83.0078,12.05
1063,76.6289,78.1250,12.80
1064,76.7070,78.1250,12.80
1065,76.8115,104.4922,9.57
1066,76.8965,84.9609,11.77
1067,76.9727,76.1719,13.13
1068,77.0547,82.0313,12.19
1069,77.1289,74.2188,13.47
1070,77.2119,83.0078,12.05
1071,77.2891,77.1484,12.96
1072,77.3682,79.1016,12.64
1073,77.4414,73.2422,13.65
1074,77.5195,78.1250,12.80
1075,77.5908,71.2891,14.03
1076,77.6660,75.1953,13.30
1077,77.7471,81.0547,12.34
1078,77.8213,74.2188,13.47
1079,77.8984,77.1484,12.96
1080,77.9746,76.1719,13.13
1081,78.0508,76.1719,13.13
1082,78.1279,77.1484,12.96
1083,78.2080,80.0781,12.49
1084,78.2822,74.2188,13.47
1085,78.3565,74.2188,13.47
1086,78.4297,73.2422,13.65
1087,78.5147,84.9609,11.77
1088,78.6172,102.5391,9.75
1089,78.7002,83.0078,12.05
1090,78.7832,83.0078,12.05
1091,78.8916,108.3984,9.23
1092,78.9697,78.1250,12.80
1093,79.0488,79.1016,12.64
1094,79.1533,104.4922,9.57
1095,79.2344,81.0547,12.34
1096,79.3135,79.1016,12.64
1097,79.3848,71.2891,14.03
1098,79.4648,80.0781,12.49
1099,79.5449,80.0781,12.49
1100,79.6455,100.5859,9.94
1101,79.7236,78.1250,12.80
1102,79.8047,81.0547,12.34
1103,79.8809,76.1719,13.13
1104,79.9639,83.0078,12.05
1105,80.0391,75.1953,13.30
1106,80.1211,82.0313,12.19
1107,80.2022,81.0547,12.34
1108,80.2852,83.0078,12.05
1109,80.3652,80.0781,12.49
1110,80.4717,106.4453,9.39
1111,80.5537,82.0313,12.19
1112,80.6357,82.0313,12.19
1113,80.7158,80.0781,12.49
1114,80.8213,105.4688,9.48
1115,80.9033,82.0313,12.19
1116,80.9834,80.0781,12.49
1117,81.0606,77.1484,12.96
1118,81.1406,80.0781,12.49
1119,81.2148,74.2188,13.47
1120,81.2988,83.9844,11.91
1121,81.3789,80.0781,12.49
1122,81.4873,108.3984,9.23
1123,81.5693,82.0313,12.19
1124,81.6494,80.0781,12.49
1125,81.7227,73.2422,13.65
1126,81.7998,77.1484,12.96
1127,81.8740,74.2188,13.47
1128,81.9502,76.1719,13.13
1129,82.0283,78.1250,12.80
1130,82.1270,98.6328,10.14
1131,82.2070,80.0781,12.49
1132,82.2881,81.0547,12.34
1133,82.3594,71.2891,14.03
1134,82.4356,76.1719,13.13
1135,82.5176,82.0313,12.19
1136,82.6016,83.9844,11.91
1137,82.6777,76.1719,13.13
1138,82.7617,83.9844,11.91
1139,82.8389,77.1484,12.96
1140,82.9395,100.5859,9.94
1141,83.0215,82.0313,12.19
1142,83.0977,76.1719,13.13
1143,83.1748,77.1484,12.96
1144,83.2510,76.1719,13.13
1145,83.3272,76.1719,13.13
1146,83.4053,78.1250,12.80
1147,83.4834,78.1250,12.80
1148,83.5840,100.5859,9.94
1149,83.6631,79.1016,12.64
1150,83.7412,78.1250,12.80
1151,83.8145,73.2422,13.65
1152,83.8887,74.2188,13.47
1153,83.9658,77.1484,12.96
1154,84.0449,79.1016,12.64
1155,84.1201,75.1953,13.30
1156,84.1992,79.1016,12.64
1157,84.2783,79.1016,12.64
1158,84.3779,98.6328,10.14
1159,84.4570,78.1250,12.80
1160,84.5381,81.0547,12.34
1161,84.6143,76.1719,13.13
1162,84.7002,85.9375,11.64
1163,84.7803,80.0781,12.49
1164,84.8701,89.8438,11.13
1165,84.9512,81.0547,12.34
1166,85.0361,84.9609,11.77
1167,85.1191,83.0078,12.05
1168,85.2080,88.8672,11.25
1169,85.2842,76.1719,13.13
1170,85.3770,92.7734,10.78
1171,85.4482,71.2891,14.03
1172,85.5195,71.2891,14.03
1173,85.5908,71.2891,14.03
1174,85.6621,71.2891,14.03
1175,85.7539,91.7969,10.89
1176,85.8232,69.3359,14.42
1177,85.8955,72.2656,13.84
1178,85.9863,90.8203,11.01
1179,86.0586,72.2656,13.84
1180,86.1504,91.7969,10.89
1181,86.2227,72.2656,13.84
1182,86.3135,90.8203,11.01
1183,86.3857,72.2656,13.84
1184,86.4580,72.2656,13.84
1185,86.5508,92.7734,10.78
1186,86.6221,71.2891,14.03
1187,86.6953,73.2422,13.65
1188,86.7656,70.3125,14.22
1189,86.8555,89.8438,11.13
1190,86.9287,73.2422,13.65
1191,87.0010,72.2656,13.84
1192,87.0928,91.7969,10.89
1193,87.1631,70.3125,14.22
1194,87.2324,69.3359,14.42
1195,87.3037,71.2891,14.03
1196,87.3945,90.8203,11.01
1197,87.4668,72.2656,13.84
1198,87.5586,91.7969,10.89
1199,87.6279,69.3359,14.42
1200,87.6992,71.2891,14.03
1201,87.7900,90.8203,11.01
1202,87.8613,71.2891,14.03
1203,87.9531,91.7969,10.89
1204,88.0234,70.3125,14.22
1205,88.0986,75.1953,13.30
1206,88.1680,69.3359,14.42
1207,88.2598,91.7969,10.89
1208,88.3320,72.2656,13.84
1209,88.4238,91.7969,10.89
1210,88.4951,71.2891,14.03
1211,88.5664,71.2891,14.03
1212,88.6572,90.8203,11.01
1213,88.7295,72.2656,13.84
1214,88.8203,90.8203,11.01
1215,88.8916,71.2891,14.03
1216,88.9619,70.3125,14.22
1217,89.0527,90.8203,11.01
1218,89.1231,70.3125,14.22
1219,89.1924,69.3359,14.42
1220,89.2647,72.2656,13.84
1221,89.3574,92.7734,10.78
1222,89.4307,73.2422,13.65
1223,89.5225,91.7969,10.89
1224,89.5938,71.2891,14.03
1225,89.6856,91.7969,10.89
1226,89.7549,69.3359,14.42
1227,89.8291,74.2188,13.47
1228,89.9199,90.8203,11.01
1229,89.9902,70.3125,14.22
1230,90.0811,90.8203,11.01
1231,90.1494,68.3594,14.63
1232,90.2207,71.2891,14.03
1233,90.3106,89.8438,11.13
1234,90.3809,70.3125,14.22
1235,90.4727,91.7969,10.89
1236,90.5420,69.3359,14.42
1237,90.6123,70.3125,14.22
1238,90.7041,91.7969,10.89
1239,90.7754,71.2891,14.03
1240,90.8467,71.2891,14.03
1241,90.9385,91.7969,10.89
1242,91.0107,72.2656,13.84
1243,91.1016,90.8203,11.01
1244,91.1709,69.3359,14.42
1245,91.2432,72.2656,13.84
1246,91.3340,90.8203,11.01
1247,91.4053,71.2891,14.03
1248,91.4766,71.2891,14.03
1249,91.5479,71.2891,14.03
1250,91.6387,90.8203,11.01
1251,91.7100,71.2891,14.03
1252,91.8018,91.7969,10.89
1253,91.8740,72.2656,13.84
1254,91.9658,91.7969,10.89
1255,92.0381,72.2656,13.84
1256,92.1113,73.2422,13.65
1257,92.2022,90.8203,11.01
1258,92.2734,71.2891,14.03
1259,92.3643,90.8203,11.01
1260,92.4326,68.3594,14.63
1261,92.5039,71.2891,14.03
1262,92.5947,90.8203,11.01
1263,92.6660,71.2891,14.03
1264,92.7383,72.2656,13.84
1265,92.8301,91.7969,10.89
1266,92.9023,72.2656,13.84
1267,92.9932,90.8203,11.01
1268,93.0625,69.3359,14.42
1269,93.1348,72.2656,13.84
1270,93.2256,90.8203,11.01
1271,93.2988,73.2422,13.65
1272,93.3897,90.8203,11.01
1273,93.4619,72.2656,13.84
1274,93.5537,91.7969,10.89
1275,93.6260,72.2656,13.84
1276,93.7188,92.7734,10.78
1277,93.7900,71.2891,14.03
1278,93.8623,72.2656,13.84
1279,93.9346,72.2656,13.84
1280,94.0264,91.7969,10.89
1281,94.0996,73.2422,13.65
1282,94.1914,91.7969,10.89
1283,94.2627,71.2891,14.03
1284,94.3545,91.7969,10.89
1285,94.4277,73.2422,13.65
1286,94.5186,90.8203,11.01
1287,94.5898,71.2891,14.03
1288,94.6807,90.8203,11.01
1289,94.7520,71.2891,14.03
1290,94.8447,92.7734,10.78
1291,94.9160,71.2891,14.03
1292,95.0078,91.7969,10.89
1293,95.0791,71.2891,14.03
1294,95.1699,90.8203,11.01
1295,95.2412,71.2891,14.03
1296,95.3330,91.7969,10.89
1297,95.4063,73.2422,13.65
1298,95.5000,93.7500,10.67
1299,95.5713,71.2891,14.03
1300,95.6631,91.7969,10.89
1301,95.7354,72.2656,13.84
1302,95.8262,90.8203,11.01
1303,95.8975,71.2891,14.03
1304,95.9893,91.7969,10.89
1305,96.0615,72.2656,13.84
1306,96.1543,92.7734,10.78
1307,96.2256,71.2891,14.03
1308,96.3174,91.7969,10.89
1309,96.3897,72.2656,13.84
1310,96.4805,90.8203,11.01
1311,96.5527,72.2656,13.84
1312,96.6436,90.8203,11.01
1313,96.7158,72.2656,13.84
1314,96.8086,92.7734,10.78
1315,96.8799,71.2891,14.03
1316,96.9717,91.7969,10.89
1317,97.0440,72.2656,13.84
1318,97.1357,91.7969,10.89
1319,97.2090,73.2422,13.65
1320,97.3008,91.7969,10.89
1321,97.3721,71.2891,14.03
1322,97.4639,91.7969,10.89
1323,97.5352,71.2891,14.03
1324,97.6270,91.7969,10.89
1325,97.6992,72.2656,13.84
1326,97.7900,90.8203,11.01
1327,97.8623,72.2656,13.84
1328,97.9531,90.8203,11.01
1329,98.0254,72.2656,13.84
1330,98.1172,91.7969,10.89
1331,98.1885,71.2891,14.03
1332,98.2803,91.7969,10.89
1333,98.3525,72.2656,13.84
1334,98.4434,90.8203,11.01
1335,98.5156,72.2656,13.84
1336,98.6074,91.7969,10.89
1337,98.6816,74.2188,13.47
1338,98.7725,90.8203,11.01
1339,98.8457,72.2656,13.84
1340,98.9375,91.7969,10.89
1341,99.0088,71.2891,14.03
1342,99.1006,91.7969,10.89
1343,99.1729,72.2656,13.84
1344,99.2647,91.7969,10.89
1345,99.3359,71.2891,14.03
1346,99.4277,91.7969,10.89
1347,99.5000,72.2656,13.84
1348,99.5918,91.7969,10.89
1349,99.6641,72.2656,13.84
1350,99.7549,90.8203,11.01
1351,99.8262,71.2891,14.03
1352,99.9180,91.7969,10.89
1353,99.9893,71.2891,14.03
1354,100.0811,91.7969,10.89
1355,100.1533,72.2656,13.84
1356,100.2441,90.8203,11.01
1357,100.3164,72.2656,13.84
1358,100.4072,90.8203,11.01
1359,100.4795,72.2656,13.84
1360,100.5713,91.7969,10.89
1361,100.6436,72.2656,13.84
1362,100.7344,90.8203,11.01
1363,100.8066,72.2656,13.84
1364,100.8975,90.8203,11.01
1365,100.9697,72.2656,13.84
1366,101.0615,91.7969,10.89
1367,101.1328,71.2891,14.03
1368,101.2256,92.7734,10.78
1369,101.2959,70.3125,14.22
1370,101.3877,91.7969,10.89
1371,101.4590,71.2891,14.03
1372,101.5527,93.7500,10.67
1373,101.6240,71.2891,14.03
1374,101.7158,91.7969,10.89
1375,101.7881,72.2656,13.84
1376,101.8809,92.7734,10.78
1377,101.9521,71.2891,14.03
1378,102.0439,91.7969,10.89
1379,102.1152,71.2891,14.03
1380,102.2080,92.7734,10.78
1381,102.2793,71.2891,14.03
1382,102.3711,91.7969,10.89
1383,102.4424,71.2891,14.03
1384,102.5332,90.8203,11.01
1385,102.6055,72.2656,13.84
1386,102.6963,90.8203,11.01
1387,102.7686,72.2656,13.84
1388,102.8604,91.7969,10.89
1389,102.9346,74.2188,13.47
1390,103.0264,91.7969,10.89
1391,103.1006,74.2188,13.47
1392,103.1934,92.7734,10.78
1393,103.2676,74.2188,13.47
1394,103.3604,92.7734,10.78
1395,103.4336,73.2422,13.65
1396,103.5273,93.7500,10.67
1397,103.5996,72.2656,13.84
1398,103.6719,72.2656,13.84
1399,103.7646,92.7734,10.78
1400,103.8379,73.2422,13.65
1401,103.9307,92.7734,10.78
1402,104.0029,72.2656,13.84
1403,104.0957,92.7734,10.78
1404,104.1680,72.2656,13.84
1405,104.2607,91.7969,10.89
1406,104.3320,71.2891,14.03
1407,104.4063,74.2188,13.47
1408,104.5010,94.7266,10.56
1409,104.5732,72.2656,13.84
1410,104.6660,92.7734,10.78
1411,104.7393,73.2422,13.65
1412,104.8320,92.7734,10.78
1413,104.9053,73.2422,13.65
1414,104.9980,92.7734,10.78
1415,105.0713,73.2422,13.65
1416,105.1641,92.7734,10.78
1417,105.2383,74.2188,13.47
1418,105.3320,93.7500,10.67
1419,105.4063,74.2188,13.47
1420,105.5020,95.7031,10.45
1421,105.5752,73.2422,13.65
1422,105.6689,93.7500,10.67
1423,105.7432,74.2188,13.47
1424,105.8350,91.7969,10.89
1425,105.9092,74.2188,13.47
1426,106.0020,92.7734,10.78
1427,106.0762,74.2188,13.47
1428,106.1699,93.7500,10.67
1429,106.2432,73.2422,13.65
1430,106.3379,94.7266,10.56
1431,106.4111,73.2422,13.65
1432,106.5049,93.7500,10.67
1433,106.5791,74.2188,13.47
1434,106.6719,92.7734,10.78
1435,106.7451,73.2422,13.65
1436,106.8389,93.7500,10.67
1437,106.9121,73.2422,13.65
1438,107.0059,93.7500,10.67
1439,107.0801,74.2188,13.47
1440,107.1738,93.7500,10.67
1441,107.2471,73.2422,13.65
1442,107.3398,92.7734,10.78
1443,107.4150,75.1953,13.30
1444,107.5059,90.8203,11.01
1445,107.5713,65.4297,15.28
1446,107.6436,72.2656,13.84
1447,107.7158,72.2656,13.84
1448,107.7881,72.2656,13.84
1449,107.8545,66.4063,15.06
1450,107.9229,68.3594,14.63
1451,107.9912,68.3594,14.63
1452,108.0596,68.3594,14.63
1453,108.1289,69.3359,14.42
1454,108.1982,69.3359,14.42
1455,108.2666,68.3594,14.63
1456,108.3350,68.3594,14.63
1457,108.4043,69.3359,14.42
1458,108.4727,68.3594,14.63
1459,108.5420,69.3359,14.42
1460,108.6104,68.3594,14.63
1461,108.6797,69.3359,14.42
1462,108.7480,68.3594,14.63
1463,108.8164,67.3828,14.84
1464,108.8848,68.3594,14.63
1465,108.9531,68.3594,14.63
1466,109.0205,67.3828,14.84
1467,109.0898,69.3359,14.42
1468,109.1572,67.3828,14.84
1469,109.2256,68.3594,14.63
1470,109.2930,67.3828,14.84
1471,109.3438,50.7813,19.69
1472,109.4121,68.3594,14.63
1473,109.4805,68.3594,14.63
1474,109.5527,72.2656,13.84
1475,109.6426,89.8438,11.13
1476,109.7139,71.2891,14.03
1477,109.8047,90.8203,11.01
1478,109.8770,72.2656,13.84
1479,109.9639,86.9141,11.51
1480,110.0352,71.2891,14.03
1481,110.1289,93.7500,10.67
1482,110.2031,74.2188,13.47
1483,110.2969,93.7500,10.67
1484,110.3701,73.2422,13.65
1485,110.4639,93.7500,10.67
1486,110.5371,73.2422,13.65
1487,110.6299,92.7734,10.78
1488,110.7031,73.2422,13.65
1489,110.7979,94.7266,10.56
1490,110.8711,73.2422,13.65
1491,110.9648,93.7500,10.67
1492,111.0400,75.1953,13.30
1493,111.1338,93.7500,10.67
1494,111.2080,74.2188,13.47
1495,111.3018,93.7500,10.67
1496,111.3750,73.2422,13.65
1497,111.4678,92.7734,10.78
1498,111.5410,73.2422,13.65
1499,111.6328,91.7969,10.89
1500,111.7061,73.2422,13.65
1501,111.7988,92.7734,10.78
1502,111.8711,72.2656,13.84
1503,111.9639,92.7734,10.78
1504,112.0361,72.2656,13.84
1505,112.1289,92.7734,10.78
1506,112.2012,72.2656,13.84
1507,112.2920,90.8203,11.01
1508,112.3623,70.3125,14.22
1509,112.4551,92.7734,10.78
1510,112.5303,75.1953,13.30
1511,112.6211,90.8203,11.01
1512,112.6934,72.2656,13.84
1513,112.7852,91.7969,10.89
1514,112.8574,72.2656,13.84
1515,112.9492,91.7969,10.89
1516,113.0215,72.2656,13.84
1517,113.1143,92.7734,10.78
1518,113.1875,73.2422,13.65
1519,113.2803,92.7734,10.78
1520,113.3525,72.2656,13.84
1521,113.4453,92.7734,10.78
1522,113.5176,72.2656,13.84
1523,113.6094,91.7969,10.89
1524,113.6816,72.2656,13.84
1525,113.7734,91.7969,10.89
1526,113.8447,71.2891,14.03
1527,113.9375,92.7734,10.78
1528,114.0098,72.2656,13.84
1529,114.1006,90.8203,11.01
1530,114.1719,71.2891,14.03
1531,114.2656,93.7500,10.67
1532,114.3350,69.3359,14.42
1533,114.4072,72.2656,13.84
1534,114.5010,93.7500,10.67
1535,114.5742,73.2422,13.65
1536,114.6680,93.7500,10.67
1537,114.7412,73.2422,13.65
1538,114.8330,91.7969,10.89
1539,114.9063,73.2422,13.65
1540,114.9971,90.8203,11.01
1541,115.0479,50.7813,19.69
1542,115.1123,64.4531,15.52
1543,115.1768,64.4531,15.52
1544,115.2490,72.2656,13.84
1545,115.3193,70.3125,14.22
1546,115.3906,71.2891,14.03
1547,115.4395,48.8281,20.48
1548,115.5078,68.3594,14.63
1549,115.5977,89.8438,11.13
1550,115.6680,70.3125,14.22
1551,115.7598,91.7969,10.89
1552,115.8291,69.3359,14.42
1553,115.9199,90.8203,11.01
1554,115.9893,69.3359,14.42
1555,116.0791,89.8438,11.13
1556,116.1494,70.3125,14.22
1557,116.2402,90.8203,11.01
1558,116.3105,70.3125,14.22
1559,116.3994,88.8672,11.25
1560,116.4707,71.2891,14.03
1561,116.5605,89.8438,11.13
1562,116.6289,68.3594,14.63
1563,116.7178,88.8672,11.25
1564,116.7871,69.3359,14.42
1565,116.8770,89.8438,11.13
1566,116.9482,71.2891,14.03
1567,117.0410,92.7734,10.78
1568,117.1113,70.3125,14.22
1569,117.2031,91.7969,10.89
1570,117.2744,71.2891,14.03
1571,117.3662,91.7969,10.89
1572,117.4395,73.2422,13.65
1573,117.5313,91.7969,10.89
1574,117.6045,73.2422,13.65
1575,117.6963,91.7969,10.89
1576,117.7686,72.2656,13.84
1577,117.8594,90.8203,11.01
1578,117.9316,72.2656,13.84
1579,118.0234,91.7969,10.89
1580,118.0947,71.2891,14.03
1581,118.1865,91.7969,10.89
1582,118.2588,72.2656,13.84
1583,118.3486,89.8438,11.13
1584,118.4209,72.2656,13.84
1585,118.5117,90.8203,11.01
1586,118.5840,72.2656,13.84
1587,118.6748,90.8203,11.01
1588,118.7461,71.2891,14.03
1589,118.8369,90.8203,11.01
1590,118.9082,71.2891,14.03
1591,118.9990,90.8203,11.01
1592,119.0713,72.2656,13.84
1593,119.1631,91.7969,10.89
1594,119.2344,71.2891,14.03
1595,119.3271,92.7734,10.78
1596,119.3994,72.2656,13.84
1597,119.4951,95.7031,10.45
1598,119.5684,73.2422,13.65
1599,119.6602,91.7969,10.89
1600,119.7324,72.2656,13.84
1601,119.8232,90.8203,11.01
1602,119.8945,71.2891,14.03
1603,119.9863,91.7969,10.89
1604,120.0576,71.2891,14.03
1605,120.1475,89.8438,11.13
1606,120.2188,71.2891,14.03
1607,120.3096,90.8203,11.01
1608,120.3809,71.2891,14.03
1609,120.4717,90.8203,11.01
1610,120.5430,71.2891,14.03
1611,120.6318,88.8672,11.25
1612,120.7031,71.2891,14.03
1613,120.7891,85.9375,11.64
1614,120.8545,65.4297,15.28
1615,120.9043,49.8047,20.08
1616,120.9688,64.4531,15.52
1617,121.0156,46.8750,21.33
1618,121.0820,66.4063,15.06
1619,121.1523,70.3125,14.22
1620,121.2422,89.8438,11.13
1621,121.3115,69.3359,14.42
1622,121.3799,68.3594,14.63
1623,121.4502,70.3125,14.22
1624,121.5186,68.3594,14.63
1625,121.5664,47.8516,20.90
1626,121.6318,65.4297,15.28
1627,121.6787,46.8750,21.33
1628,121.7432,64.4531,15.52
1629,121.7910,47.8516,20.90
1630,121.8594,68.3594,14.63
1631,121.9268,67.3828,14.84
1632,121.9756,48.8281,20.48
1633,122.0410,65.4297,15.28
1634,122.0889,47.8516,20.90
1635,122.1543,65.4297,15.28
1636,122.2021,47.8516,20.90
1637,122.2666,64.4531,15.52
1638,122.3154,48.8281,20.48
1639,122.3799,64.4531,15.52
1640,122.4268,46.8750,21.33
1641,122.4912,64.4531,15.52
1642,122.5400,48.8281,20.48
1643,122.6045,64.4531,15.52
1644,122.6533,48.8281,20.48
1645,122.7178,64.4531,15.52
1646,122.7646,46.8750,21.33
1647,122.8291,64.4531,15.52
1648,122.8770,47.8516,20.90
1649,122.9424,65.4297,15.28
1650,122.9902,47.8516,20.90
1651,123.0586,68.3594,14.63
1652,123.1270,68.3594,14.63
1653,123.1914,64.4531,15.52
1654,123.2578,66.4063,15.06
1655,123.3242,66.4063,15.06
1656,123.3916,67.3828,14.84
1657,123.4414,49.8047,20.08
1658,123.5098,68.3594,14.63
1659,123.5801,70.3125,14.22
1660,123.6504,70.3125,14.22
1661,123.7217,71.2891,14.03
1662,123.7930,71.2891,14.03
1663,123.8633,70.3125,14.22
1664,123.9346,71.2891,14.03
1665,124.0068,72.2656,13.84
1666,124.0791,72.2656,13.84
1667,124.1494,70.3125,14.22
1668,124.2207,71.2891,14.03
1669,124.2910,70.3125,14.22
1670,124.3623,71.2891,14.03
1671,124.4326,70.3125,14.22
1672,124.5039,71.2891,14.03
1673,124.5742,69.3359,14.42
1674,124.6455,71.2891,14.03
1675,124.7168,71.2891,14.03
1676,124.7871,70.3125,14.22
1677,124.8564,69.3359,14.42
1678,124.9268,70.3125,14.22
1679,124.9980,71.2891,14.03
1680,125.0693,71.2891,14.03
1681,125.1396,70.3125,14.22
1682,125.2100,70.3125,14.22
1683,125.2813,71.2891,14.03
1684,125.3516,70.3125,14.22
1685,125.4209,69.3359,14.42
1686,125.4912,70.3125,14.22
1687,125.5820,90.8203,11.01
1688,125.6504,68.3594,14.63
1689,125.7188,68.3594,14.63
1690,125.7900,71.2891,14.03
1691,125.8584,68.3594,14.63
1692,125.9287,70.3125,14.22
1693,126.0176,88.8672,11.25
1694,126.0830,65.4297,15.28
1695,126.1494,66.4063,15.06
1696,126.2168,67.3828,14.84
1697,126.2822,65.4297,15.28
1698,126.3486,66.4063,15.06
1699,126.4141,65.4297,15.28
1700,126.4648,50.7813,19.69
1701,126.5313,66.4063,15.06
1702,126.6025,71.2891,14.03
1703,126.6924,89.8438,11.13
1704,126.7627,70.3125,14.22
1705,126.8535,90.8203,11.01
1706,126.9238,70.3125,14.22
1707,127.0146,90.8203,11.01
1708,127.0859,71.2891,14.03
1709,127.1748,88.8672,11.25
1710,127.2451,70.3125,14.22
1711,127.3359,90.8203,11.01
1712,127.4082,72.2656,13.84
1713,127.4990,90.8203,11.01
1714,127.5703,71.2891,14.03
1715,127.6641,93.7500,10.67
1716,127.7363,72.2656,13.84
1717,127.8076,71.2891,14.03
1718,127.8779,70.3125,14.22
1719,127.9688,90.8203,11.01
1720,128.0410,72.2656,13.84
1721,128.1338,92.7734,10.78
1722,128.2070,73.2422,13.65
1723,128.2969,89.8438,11.13
1724,128.3682,70.3125,14.22
1725,128.4609,92.7734,10.78
1726,128.5342,73.2422,13.65
1727,128.6270,92.7734,10.78
1728,128.7002,73.2422,13.65
1729,128.7930,92.7734,10.78
1730,128.8672,74.2188,13.47
1731,128.9580,90.8203,11.01
1732,129.0283,70.3125,14.22
1733,129.1182,89.8438,11.13
1734,129.1895,71.2891,14.03
1735,129.2803,90.8203,11.01
1736,129.3516,71.2891,14.03
1737,129.4434,91.7969,10.89
1738,129.5137,70.3125,14.22
1739,129.6045,90.8203,11.01
1740,129.6748,70.3125,14.22
1741,129.7646,89.8438,11.13
1742,129.8369,72.2656,13.84
1743,129.9268,89.8438,11.13
1744,129.9971,70.3125,14.22
1745,130.0869,89.8438,11.13
1746,130.1572,70.3125,14.22
1747,130.2471,89.8438,11.13
1748,130.3164,69.3359,14.42
1749,130.3857,69.3359,14.42
1750,130.4580,72.2656,13.84
1751,130.5303,72.2656,13.84
1752,130.6016,71.2891,14.03
1753,130.6719,70.3125,14.22
1754,130.7432,71.2891,14.03
1755,130.8145,71.2891,14.03
1756,130.8818,67.3828,14.84
1757,130.9297,47.8516,20.90
1758,130.9941,64.4531,15.52
1759,131.0420,47.8516,20.90
1760,131.1084,66.4063,15.06
1761,131.1797,71.2891,14.03
1762,131.2705,90.8203,11.01
1763,131.3398,69.3359,14.42
1764,131.4043,64.4531,15.52
1765,131.4756,71.2891,14.03
1766,131.5459,70.3125,14.22
1767,131.6172,71.2891,14.03
1768,131.6875,70.3125,14.22
1769,131.7588,71.2891,14.03
1770,131.8291,70.3125,14.22
1771,131.9004,71.2891,14.03
1772,131.9707,70.3125,14.22
1773,132.0391,68.3594,14.63
1774,132.1045,65.4297,15.28
1775,132.1719,67.3828,14.84
1776,132.2383,66.4063,15.06
1777,132.3057,67.3828,14.84
1778,132.3730,67.3828,14.84
1779,132.4404,67.3828,14.84
1780,132.5098,69.3359,14.42
1781,132.5762,66.4063,15.06
1782,132.6426,66.4063,15.06
1783,132.7100,67.3828,14.84
1784,132.7598,49.8047,20.08
1785,132.8271,67.3828,14.84
1786,132.8965,69.3359,14.42
1787,132.9648,68.3594,14.63
1788,133.0352,70.3125,14.22
1789,133.1025,67.3828,14.84
1790,133.1504,47.8516,20.90
1791,133.2178,67.3828,14.84
1792,133.2891,71.2891,14.03
1793,133.3613,72.2656,13.84
1794,133.4326,71.2891,14.03
1795,133.5039,71.2891,14.03
1796,133.5742,70.3125,14.22
1797,133.6445,70.3125,14.22
1798,133.7148,70.3125,14.22
1799,133.7852,70.3125,14.22
1800,133.8555,70.3125,14.22
1801,133.9258,70.3125,14.22
1802,133.9971,71.2891,14.03
1803,134.0674,70.3125,14.22
1804,134.1377,70.3125,14.22
1805,134.2090,71.2891,14.03
1806,134.2783,69.3359,14.42
1807,134.3496,71.2891,14.03
1808,134.4209,71.2891,14.03
1809,134.4902,69.3359,14.42
1810,134.5596,69.3359,14.42
1811,134.6279,68.3594,14.63
1812,134.6934,65.4297,15.28
1813,134.7637,70.3125,14.22
1814,134.8535,89.8438,11.13
1815,134.9229,69.3359,14.42
1816,134.9883,65.4297,15.28
1817,135.0352,46.8750,21.33
1818,135.1016,66.4063,15.06
1819,135.1699,68.3594,14.63
1820,135.2344,64.4531,15.52
1821,135.2822,47.8516,20.90
1822,135.3477,65.4297,15.28
1823,135.4170,69.3359,14.42
1824,135.4824,65.4297,15.28
1825,135.5313,48.8281,20.48
1826,135.5957,64.4531,15.52
1827,135.6602,64.4531,15.52
1828,135.7100,49.8047,20.08
1829,135.7754,65.4297,15.28
1830,135.8232,47.8516,20.90
1831,135.8877,64.4531,15.52
1832,135.9355,47.8516,20.90
1833,136.0000,64.4531,15.52
1834,136.0469,46.8750,21.33
1835,136.1123,65.4297,15.28
1836,136.1611,48.8281,20.48
1837,136.2256,64.4531,15.52
1838,136.2734,47.8516,20.90
1839,136.3379,64.4531,15.52
1840,136.3867,48.8281,20.48
1841,136.4512,64.4531,15.52
1842,136.4990,47.8516,20.90
1843,136.5625,63.4766,15.75
1844,136.6104,47.8516,20.90
1845,136.6758,65.4297,15.28
1846,136.7246,48.8281,20.48
1847,136.7891,64.4531,15.52
1848,136.8359,46.8750,21.33
1849,136.9014,65.4297,15.28
1850,136.9492,47.8516,20.90
1851,137.0127,63.4766,15.75
1852,137.0615,48.8281,20.48
1853,137.1289,67.3828,14.84
1854,137.2002,71.2891,14.03
1855,137.2676,67.3828,14.84
1856,137.3154,47.8516,20.90
1857,137.3799,64.4531,15.52
1858,137.4287,48.8281,20.48
1859,137.4922,63.4766,15.75
1860,137.5410,48.8281,20.48
1861,137.6045,63.4766,15.75
1862,137.6533,47.8516,20.90
1863,137.7158,62.5000,16.00
1864,137.7637,47.8516,20.90
1865,137.8291,65.4297,15.28
1866,137.8760,46.8750,21.33
1867,137.9404,64.4531,15.52
1868,137.9883,47.8516,20.90
1869,138.0518,63.4766,15.75
1870,138.0996,47.8516,20.90
1871,138.1641,64.4531,15.52
1872,138.2129,48.8281,20.48
1873,138.2773,64.4531,15.52
1874,138.3271,49.8047,20.08
1875,138.3916,64.4531,15.52
1876,138.4404,48.8281,20.48
1877,138.5049,64.4531,15.52
1878,138.5693,64.4531,15.52
1879,138.6182,48.8281,20.48
1880,138.6826,63.4766,15.75
1881,138.7314,48.8281,20.48
1882,138.7939,62.5000,16.00
1883,138.8428,48.8281,20.48
1884,138.9072,64.4531,15.52
1885,138.9551,47.8516,20.90
1886,139.0176,62.5000,16.00
1887,139.0830,65.4297,15.28
1888,139.1543,71.2891,14.03
1889,139.2256,71.2891,14.03
1890,139.2803,54.6875,18.29
1891,139.3525,72.2656,13.84
1892,139.4258,73.2422,13.65
1893,139.5029,77.1484,12.96
1894,139.5957,92.7734,10.78
1895,139.6680,72.2656,13.84
1896,139.7422,74.2188,13.47
1897,139.8213,79.1016,12.64
1898,139.9150,93.7500,10.67
1899,139.9873,72.2656,13.84
1900,140.0645,77.1484,12.96
1901,140.1602,95.7031,10.45
1902,140.2344,74.2188,13.47
1903,140.3262,91.7969,10.89
1904,140.3994,73.2422,13.65
1905,140.4932,93.7500,10.67
1906,140.5654,72.2656,13.84
1907,140.6572,91.7969,10.89
1908,140.7305,73.2422,13.65
1909,140.8203,89.8438,11.13
1910,140.8936,73.2422,13.65
1911,140.9844,90.8203,11.01
1912,141.0566,72.2656,13.84
1913,141.1494,92.7734,10.78
1914,141.2236,74.2188,13.47
1915,141.3174,93.7500,10.67
1916,141.3916,74.2188,13.47
1917,141.4854,93.7500,10.67
1918,141.5596,74.2188,13.47
1919,141.6523,92.7734,10.78
1920,141.7266,74.2188,13.47
1921,141.8193,92.7734,10.78
1922,141.8926,73.2422,13.65
1923,141.9854,92.7734,10.78
1924,142.0605,75.1953,13.30
1925,142.1533,92.7734,10.78
1926,142.2285,75.1953,13.30
1927,142.3213,92.7734,10.78
1928,142.3955,74.2188,13.47
1929,142.4893,93.7500,10.67
1930,142.5635,74.2188,13.47
1931,142.6543,90.8203,11.01
1932,142.7275,73.2422,13.65
1933,142.8184,90.8203,11.01
1934,142.8906,72.2656,13.84
1935,142.9805,89.8438,11.13
1936,143.0527,72.2656,13.84
1937,143.1436,90.8203,11.01
1938,143.2139,70.3125,14.22
1939,143.3047,90.8203,11.01
1940,143.3770,72.2656,13.84
1941,143.4688,90.8203,11.01
1942,143.5381,69.3359,14.42
1943,143.6094,71.2891,14.03
1944,143.7002,90.8203,11.01
1945,143.7715,71.2891,14.03
1946,143.8418,70.3125,14.22
1947,143.9316,89.8438,11.13
1948,144.0020,70.3125,14.22
1949,144.0723,70.3125,14.22
1950,144.1631,90.8203,11.01
1951,144.2344,71.2891,14.03
1952,144.3242,89.8438,11.13
1953,144.3936,69.3359,14.42
1954,144.4854,91.7969,10.89
1955,144.5576,72.2656,13.84
1956,144.6484,90.8203,11.01
1957,144.7207,72.2656,13.84
1958,144.8115,90.8203,11.01
1959,144.8838,72.2656,13.84
1960,144.9746,90.8203,11.01
1961,145.0459,71.2891,14.03
1962,145.1357,89.8438,11.13
1963,145.2080,72.2656,13.84
1964,145.2988,90.8203,11.01
1965,145.3711,72.2656,13.84
1966,145.4609,89.8438,11.13
1967,145.5342,73.2422,13.65
1968,145.6250,90.8203,11.01
1969,145.6973,72.2656,13.84
1970,145.7686,71.2891,14.03
1971,145.8604,91.7969,10.89
1972,145.9326,72.2656,13.84
1973,146.0049,72.2656,13.84
1974,146.0762,71.2891,14.03
1975,146.1670,90.8203,11.01
1976,146.2402,73.2422,13.65
1977,146.3320,91.7969,10.89
1978,146.4063,74.2188,13.47
1979,146.5000,93.7500,10.67
1980,146.5742,74.2188,13.47
1981,146.6670,92.7734,10.78
1982,146.7412,74.2188,13.47
1983,146.8330,91.7969,10.89
1984,146.9072,74.2188,13.47
1985,147.0010,93.7500,10.67
1986,147.0752,74.2188,13.47
1987,147.1660,90.8203,11.01
1988,147.2402,74.2188,13.47
1989,147.3320,91.7969,10.89
1990,147.4053,73.2422,13.65
1991,147.5000,94.7266,10.56
1992,147.5732,73.2422,13.65
1993,147.6650,91.7969,10.89
1994,147.7393,74.2188,13.47
1995,147.8311,91.7969,10.89
1996,147.9043,73.2422,13.65
1997,147.9961,91.7969,10.89
1998,148.0703,74.2188,13.47
1999,148.1621,91.7969,10.89
2000,148.2373,75.1953,13.30
2001,148.3301,92.7734,10.78
2002,148.4063,76.1719,13.13
2003,148.5020,95.7031,10.45
2004,148.5781,76.1719,13.13
2005,148.6719,93.7500,10.67
2006,148.7480,76.1719,13.13
2007,148.8379,89.8438,11.13
2008,148.9121,74.2188,13.47
2009,149.0049,92.7734,10.78
2010,149.0801,75.1953,13.30
2011,149.1729,92.7734,10.78
2012,149.2480,75.1953,13.30
2013,149.3398,91.7969,10.89
2014,149.4131,73.2422,13.65
2015,149.5039,90.8203,11.01
2016,149.5771,73.2422,13.65
2017,149.6680,90.8203,11.01
2018,149.7422,74.2188,13.47
2019,149.8311,88.8672,11.25
2020,149.9014,70.3125,14.22
2021,149.9941,92.7734,10.78
2022,150.0693,75.1953,13.30
2023,150.1621,92.7734,10.78
2024,150.2354,73.2422,13.65
2025,150.3281,92.7734,10.78
2026,150.4004,72.2656,13.84
2027,150.4775,77.1484,12.96
2028,150.5703,92.7734,10.78
2029,150.6436,73.2422,13.65
2030,150.7168,73.2422,13.65
2031,150.7871,70.3125,14.22
2032,150.8789,91.7969,10.89
2033,150.9502,71.2891,14.03
2034,151.0391,88.8672,11.25
2035,151.1133,74.2188,13.47
2036,151.2061,92.7734,10.78
2037,151.2813,75.1953,13.30
2038,151.3740,92.7734,10.78
2039,151.4473,73.2422,13.65
2040,151.5391,91.7969,10.89
2041,151.6113,72.2656,13.84
2042,151.7031,91.7969,10.89
2043,151.7754,72.2656,13.84
2044,151.8672,91.7969,10.89
2045,151.9395,72.2656,13.84
2046,152.0313,91.7969,10.89
2047,152.1045,73.2422,13.65
2048,152.1953,90.8203,11.01
2049,152.2676,72.2656,13.84
2050,152.3594,91.7969,10.89
2051,152.4307,71.2891,14.03
2052,152.5225,91.7969,10.89
2053,152.5938,71.2891,14.03
2054,152.6650,71.2891,14.03
2055,152.7393,74.2188,13.47
2056,152.8125,73.2422,13.65
2057,152.9053,92.7734,10.78
2058,152.9775,72.2656,13.84
2059,153.0518,74.2188,13.47
2060,153.1230,71.2891,14.03
2061,153.2158,92.7734,10.78
2062,153.2900,74.2188,13.47
2063,153.3818,91.7969,10.89
2064,153.4551,73.2422,13.65
2065,153.5498,94.7266,10.56
2066,153.6240,74.2188,13.47
2067,153.7168,92.7734,10.78
2068,153.7920,75.1953,13.30
2069,153.8857,93.7500,10.67
2070,153.9609,75.1953,13.30
2071,154.0537,92.7734,10.78
2072,154.1279,74.2188,13.47
2073,154.2217,93.7500,10.67
2074,154.2969,75.1953,13.30
2075,154.3906,93.7500,10.67
2076,154.4658,75.1953,13.30
2077,154.5596,93.7500,10.67
2078,154.6348,75.1953,13.30
2079,154.7285,93.7500,10.67
2080,154.8047,76.1719,13.13
2081,154.8984,93.7500,10.67
2082,154.9746,76.1719,13.13
2083,155.0684,93.7500,10.67
2084,155.1436,75.1953,13.30
2085,155.2383,94.7266,10.56
2086,155.3125,74.2188,13.47
2087,155.4043,91.7969,10.89
2088,155.4805,76.1719,13.13
2089,155.5732,92.7734,10.78
2090,155.6475,74.2188,13.47
2091,155.7402,92.7734,10.78
2092,155.8125,72.2656,13.84
2093,155.8848,72.2656,13.84
2094,155.9775,92.7734,10.78
2095,156.0498,72.2656,13.84
2096,156.1230,73.2422,13.65
2097,156.1953,72.2656,13.84
2098,156.2871,91.7969,10.89
2099,156.3613,74.2188,13.47
2100,156.4531,91.7969,10.89
2101,156.5273,74.2188,13.47
2102,156.6191,91.7969,10.89
2103,156.6934,74.2188,13.47
2104,156.7852,91.7969,10.89
2105,156.8584,73.2422,13.65
2106,156.9512,92.7734,10.78
2107,157.0254,74.2188,13.47
2108,157.1162,90.8203,11.01
2109,157.1904,74.2188,13.47
2110,157.2813,90.8203,11.01
2111,157.3545,73.2422,13.65
2112,157.4473,92.7734,10.78
2113,157.5215,74.2188,13.47
2114,157.6143,92.7734,10.78
2115,157.6865,72.2656,13.84
2116,157.7793,92.7734,10.78
2117,157.8535,74.2188,13.47
2118,157.9473,93.7500,10.67
2119,158.0225,75.1953,13.30
2120,158.1152,92.7734,10.78
2121,158.1895,74.2188,13.47
2122,158.2842,94.7266,10.56
2123,158.3574,73.2422,13.65
2124,158.4463,88.8672,11.25
2125,158.5186,72.2656,13.84
2126,158.6123,93.7500,10.67
2127,158.6875,75.1953,13.30
2128,158.7803,92.7734,10.78
2129,158.8564,76.1719,13.13
2130,158.9502,93.7500,10.67
2131,159.0264,76.1719,13.13
2132,159.1201,93.7500,10.67
2133,159.1953,75.1953,13.30
2134,159.2891,93.7500,10.67
2135,159.3633,74.2188,13.47
2136,159.4570,93.7500,10.67
2137,159.5342,77.1484,12.96
2138,159.6270,92.7734,10.78
2139,159.7021,75.1953,13.30
2140,159.7959,93.7500,10.67
2141,159.8701,74.2188,13.47
2142,159.9609,90.8203,11.01
2143,160.0361,75.1953,13.30
2144,160.1289,92.7734,10.78
2145,160.2031,74.2188,13.47
2146,160.2979,94.7266,10.56
2147,160.3721,74.2188,13.47
2148,160.4658,93.7500,10.67
2149,160.5420,76.1719,13.13
2150,160.6357,93.7500,10.67
2151,160.7100,74.2188,13.47
2152,160.8047,94.7266,10.56
2153,160.8789,74.2188,13.47
2154,160.9727,93.7500,10.67
2155,161.0479,75.1953,13.30
2156,161.1406,92.7734,10.78
2157,161.2158,75.1953,13.30
2158,161.3105,94.7266,10.56
2159,161.3867,76.1719,13.13
2160,161.4805,93.7500,10.67
2161,161.5557,75.1953,13.30
2162,161.6484,92.7734,10.78
2163,161.7236,75.1953,13.30
2164,161.8184,94.7266,10.56
2165,161.8926,74.2188,13.47
2166,161.9854,92.7734,10.78
2167,162.0576,72.2656,13.84
2168,162.1318,74.2188,13.47
2169,162.2256,93.7500,10.67
2170,162.2998,74.2188,13.47
2171,162.3945,94.7266,10.56
2172,162.4688,74.2188,13.47
2173,162.5430,74.2188,13.47
2174,162.6162,73.2422,13.65
2175,162.7090,92.7734,10.78
2176,162.7842,75.1953,13.30
2177,162.8779,93.7500,10.67
2178,162.9541,76.1719,13.13
2179,163.0479,93.7500,10.67
2180,163.1230,75.1953,13.30
2181,163.2168,93.7500,10.67
2182,163.2910,74.2188,13.47
2183,163.3838,92.7734,10.78
2184,163.4590,75.1953,13.30
2185,163.5537,94.7266,10.56
2186,163.6270,73.2422,13.65
2187,163.7197,92.7734,10.78
2188,163.7930,73.2422,13.65
2189,163.8857,92.7734,10.78
2190,163.9600,74.2188,13.47
2191,164.0518,91.7969,10.89
2192,164.1250,73.2422,13.65
2193,164.2178,92.7734,10.78
2194,164.2920,74.2188,13.47
2195,164.3838,91.7969,10.89
2196,164.4580,74.2188,13.47
2197,164.5518,93.7500,10.67
2198,164.6240,72.2656,13.84
2199,164.7168,92.7734,10.78
2200,164.7900,73.2422,13.65
2201,164.8828,92.7734,10.78
2202,164.9580,75.1953,13.30
2203,165.0508,92.7734,10.78
2204,165.1260,75.1953,13.30
2205,165.2197,93.7500,10.67
2206,165.2939,74.2188,13.47
2207,165.3877,93.7500,10.67
2208,165.4639,76.1719,13.13
2209,165.5586,94.7266,10.56
2210,165.6318,73.2422,13.65
2211,165.7061,74.2188,13.47
2212,165.7813,75.1953,13.30
2213,165.8564,75.1953,13.30
2214,165.9512,94.7266,10.56
2215,166.0264,75.1953,13.30
2216,166.0996,73.2422,13.65
2217,166.1729,73.2422,13.65
2218,166.2676,94.7266,10.56
2219,166.3428,75.1953,13.30
2220,166.4160,73.2422,13.65
2221,166.5078,91.7969,10.89
2222,166.5820,74.2188,13.47
2223,166.6748,92.7734,10.78
2224,166.7480,73.2422,13.65
2225,166.8203,72.2656,13.84
2226,166.9141,93.7500,10.67
2227,166.9863,72.2656,13.84
2228,167.0605,74.2188,13.47
2229,167.1533,92.7734,10.78
2230,167.2256,72.2656,13.84
2231,167.2969,71.2891,14.03
2232,167.3906,93.7500,10.67
2233,167.4648,74.2188,13.47
2234,167.5576,92.7734,10.78
2235,167.6309,73.2422,13.65
2236,167.7236,91.7969,10.89
2237,167.7979,74.2188,13.47
2238,167.8887,90.8203,11.01
2239,167.9609,71.2891,14.03
2240,168.0527,91.7969,10.89
2241,168.1260,73.2422,13.65
2242,168.2178,91.7969,10.89
2243,168.2891,71.2891,14.03
2244,168.3809,91.7969,10.89
2245,168.4561,75.1953,13.30
2246,168.5508,94.7266,10.56
2247,168.6260,75.1953,13.30
2248,168.7188,92.7734,10.78
2249,168.7930,74.2188,13.47
2250,168.8857,92.7734,10.78
2251,168.9590,73.2422,13.65
2252,169.0518,92.7734,10.78
2253,169.1240,72.2656,13.84
2254,169.2168,92.7734,10.78
2255,169.2910,74.2188,13.47
2256,169.3828,91.7969,10.89
2257,169.4570,74.2188,13.47
2258,169.5508,93.7500,10.67
2259,169.6240,73.2422,13.65
2260,169.7148,90.8203,11.01
2261,169.7861,71.2891,14.03
2262,169.8779,91.7969,10.89
2263,169.9502,72.2656,13.84
2264,170.0430,92.7734,10.78
2265,170.1152,72.2656,13.84
2266,170.2070,91.7969,10.89
2267,170.2764,69.3359,14.42
2268,170.3477,71.2891,14.03
2269,170.4385,90.8203,11.01
2270,170.5098,71.2891,14.03
2271,170.5811,71.2891,14.03
2272,170.6514,70.3125,14.22
2273,170.7441,92.7734,10.78
2274,170.8145,70.3125,14.22
2275,170.8857,71.2891,14.03
2276,170.9766,90.8203,11.01
2277,171.0479,71.2891,14.03
2278,171.1182,70.3125,14.22
2279,171.1924,74.2188,13.47
2280,171.2676,75.1953,13.30
2281,171.3428,75.1953,13.30
2282,171.4355,92.7734,10.78
2283,171.5107,75.1953,13.30
2284,171.5889,78.1250,12.80
2285,171.6855,96.6797,10.34
2286,171.7588,73.2422,13.65
2287,171.8359,77.1484,12.96
2288,171.9307,94.7266,10.56
2289,172.0059,75.1953,13.30
2290,172.0996,93.7500,10.67
2291,172.1787,79.1016,12.64
2292,172.2734,94.7266,10.56
2293,172.3496,76.1719,13.13
2294,172.4248,75.1953,13.30
2295,172.5186,93.7500,10.67
2296,172.5898,71.2891,14.03
2297,172.6826,92.7734,10.78
2298,172.7549,72.2656,13.84
2299,172.8486,93.7500,10.67
2300,172.9219,73.2422,13.65
2301,173.0137,91.7969,10.89
2302,173.0869,73.2422,13.65
2303,173.1787,91.7969,10.89
2304,173.2510,72.2656,13.84
2305,173.3438,92.7734,10.78
2306,173.4150,71.2891,14.03
2307,173.4893,74.2188,13.47
2308,173.5820,92.7734,10.78
2309,173.6563,74.2188,13.47
2310,173.7490,92.7734,10.78
2311,173.8232,74.2188,13.47
2312,173.9160,92.7734,10.78
2313,173.9902,74.2188,13.47
2314,174.0830,92.7734,10.78
2315,174.1572,74.2188,13.47
2316,174.2539,96.6797,10.34
2317,174.3262,72.2656,13.84
2318,174.4189,92.7734,10.78
2319,174.4932,74.2188,13.47
2320,174.5850,91.7969,10.89
2321,174.6631,78.1250,12.80
2322,174.7588,95.7031,10.45
2323,174.8379,79.1016,12.64
2324,174.9307,92.7734,10.78
2325,175.0039,73.2422,13.65
2326,175.0957,91.7969,10.89
2327,175.1689,73.2422,13.65
2328,175.2617,92.7734,10.78
2329,175.3369,75.1953,13.30
2330,175.4287,91.7969,10.89
2331,175.5020,73.2422,13.65
2332,175.5996,97.6563,10.24
2333,175.6777,78.1250,12.80
2334,175.7764,98.6328,10.14
2335,175.8486,72.2656,13.84
2336,175.9404,91.7969,10.89
2337,176.0137,73.2422,13.65
2338,176.1055,91.7969,10.89
2339,176.1807,75.1953,13.30
2340,176.2549,74.2188,13.47
2341,176.3486,93.7500,10.67
2342,176.4238,75.1953,13.30
2343,176.5000,76.1719,13.13
2344,176.5693,69.3359,14.42
2345,176.6631,93.7500,10.67
2346,176.7344,71.2891,14.03
2347,176.8086,74.2188,13.47
2348,176.8984,89.8438,11.13
2349,176.9697,71.2891,14.03
2350,177.0381,68.3594,14.63
2351,177.1279,89.8438,11.13
2352,177.1992,71.2891,14.03
2353,177.2900,90.8203,11.01
2354,177.3613,71.2891,14.03
2355,177.4512,89.8438,11.13
2356,177.5234,72.2656,13.84
2357,177.6143,89.8438,11.13
2358,177.6855,71.2891,14.03
2359,177.7744,88.8672,11.25
2360,177.8467,72.2656,13.84
2361,177.9375,90.8203,11.01
2362,178.0098,72.2656,13.84
2363,178.0986,88.8672,11.25
2364,178.1709,72.2656,13.84
2365,178.2607,89.8438,11.13
2366,178.3320,71.2891,14.03
2367,178.4219,89.8438,11.13
2368,178.4951,73.2422,13.65
2369,178.5850,89.8438,11.13
2370,178.6553,70.3125,14.22
2371,178.7451,89.8438,11.13
2372,178.8154,70.3125,14.22
2373,178.9072,91.7969,10.89
2374,178.9795,72.2656,13.84
2375,179.0703,90.8203,11.01
2376,179.1436,73.2422,13.65
2377,179.2344,90.8203,11.01
2378,179.3086,74.2188,13.47
2379,179.4014,92.7734,10.78
2380,179.4795,78.1250,12.80
2381,179.5723,92.7734,10.78
2382,179.6455,73.2422,13.65
2383,179.7383,92.7734,10.78
2384,179.8145,76.1719,13.13
2385,179.9023,87.8906,11.38
2386,179.9521,49.8047,20.08
2387,180.0166,64.4531,15.52
2388,180.0645,47.8516,20.90
2389,180.1328,68.3594,14.63
2390,180.2041,71.2891,14.03
2391,180.2773,73.2422,13.65
2392,180.3252,47.8516,20.90
2393,180.3896,64.4531,15.52
2394,180.4600,70.3125,14.22
2395,180.5322,72.2656,13.84
2396,180.6045,72.2656,13.84
2397,180.6719,67.3828,14.84
2398,180.7422,70.3125,14.22
2399,180.8154,73.2422,13.65
2400,180.8877,72.2656,13.84
2401,180.9600,72.2656,13.84
2402,181.0273,67.3828,14.84
2403,181.0977,70.3125,14.22
2404,181.1709,73.2422,13.65
2405,181.2432,72.2656,13.84
2406,181.3174,74.2188,13.47
2407,181.3857,68.3594,14.63
2408,181.4551,69.3359,14.42
2409,181.5303,75.1953,13.30
2410,181.5986,68.3594,14.63
2411,181.6465,47.8516,20.90
2412,181.6943,47.8516,20.90
2413,181.7627,68.3594,14.63
2414,181.8535,90.8203,11.01
2415,181.9229,69.3359,14.42
2416,181.9893,66.4063,15.06
2417,182.0381,48.8281,20.48
2418,182.1016,63.4766,15.75
2419,182.1494,47.8516,20.90
2420,182.2129,63.4766,15.75
2421,182.2607,47.8516,20.90
2422,182.3252,64.4531,15.52
2423,182.3721,46.8750,21.33
2424,182.4355,63.4766,15.75
2425,182.4844,47.8516,20.90
2426,182.5479,63.4766,15.75
2427,182.5957,47.8516,20.90
2428,182.6592,63.4766,15.75
2429,182.7080,48.8281,20.48
2430,182.7715,63.4766,15.75
2431,182.8193,47.8516,20.90
2432,182.8838,64.4531,15.52
2433,182.9307,46.8750,21.33
2434,182.9961,65.4297,15.28
2435,183.0439,47.8516,20.90
2436,183.1084,64.4531,15.52
2437,183.1563,47.8516,20.90
2438,183.2207,64.4531,15.52
2439,183.2686,47.8516,20.90
2440,183.3330,64.4531,15.52
2441,183.3818,48.8281,20.48
2442,183.4453,63.4766,15.75
2443,183.4932,47.8516,20.90
2444,183.5576,64.4531,15.52
2445,183.6055,47.8516,20.90
2446,183.6699,64.4531,15.52
2447,183.7188,48.8281,20.48
2448,183.7832,64.4531,15.52
2449,183.8301,46.8750,21.33
2450,183.8945,64.4531,15.52
2451,183.9434,48.8281,20.48
2452,184.0078,64.4531,15.52
2453,184.0557,47.8516,20.90
2454,184.1201,64.4531,15.52
2455,184.1670,46.8750,21.33
2456,184.2314,64.4531,15.52
2457,184.2793,47.8516,20.90
2458,184.3438,64.4531,15.52
2459,184.3916,47.8516,20.90
2460,184.4551,63.4766,15.75
2461,184.5029,47.8516,20.90
2462,184.5684,65.4297,15.28
2463,184.6162,47.8516,20.90
2464,184.6816,65.4297,15.28
2465,184.7295,47.8516,20.90
2466,184.7939,64.4531,15.52
2467,184.8418,47.8516,20.90
2468,184.9053,63.4766,15.75
2469,184.9541,48.8281,20.48
2470,185.0176,63.4766,15.75
2471,185.0664,48.8281,20.48
2472,185.1309,64.4531,15.52
2473,185.1797,48.8281,20.48
2474,185.2432,63.4766,15.75
2475,185.2910,47.8516,20.90
2476,185.3555,64.4531,15.52
2477,185.4043,48.8281,20.48
2478,185.4678,63.4766,15.75
2479,185.5156,47.8516,20.90
2480,185.5801,64.4531,15.52
2481,185.6279,47.8516,20.90
2482,185.6914,63.4766,15.75
2483,185.7412,49.8047,20.08
2484,185.8057,64.4531,15.52
2485,185.8535,47.8516,20.90
2486,185.9170,63.4766,15.75
2487,185.9648,47.8516,20.90
2488,186.0303,65.4297,15.28
2489,186.0781,47.8516,20.90
2490,186.1416,63.4766,15.75
2491,186.1895,47.8516,20.90
2492,186.2549,65.4297,15.28
2493,186.3027,47.8516,20.90
2494,186.3672,64.4531,15.52
2495,186.4150,47.8516,20.90
2496,186.4795,64.4531,15.52
2497,186.5273,47.8516,20.90
2498,186.5928,65.4297,15.28
2499,186.6396,46.8750,21.33
2500,186.7041,64.4531,15.52
2501,186.7529,48.8281,20.48
2502,186.8174,64.4531,15.52
2503,186.8643,46.8750,21.33
2504,186.9277,63.4766,15.75
2505,186.9766,48.8281,20.48
2506,187.0410,64.4531,15.52
2507,187.0889,47.8516,20.90
2508,187.1523,63.4766,15.75
2509,187.2012,48.8281,20.48
2510,187.2656,64.4531,15.52
2511,187.3135,47.8516,20.90
2512,187.3789,65.4297,15.28
2513,187.4268,47.8516,20.90
2514,187.4912,64.4531,15.52
2515,187.5391,47.8516,20.90
2516,187.6035,64.4531,15.52
2517,187.6514,47.8516,20.90
2518,187.7158,64.4531,15.52
2519,187.7656,49.8047,20.08
2520,187.8301,64.4531,15.52
2521,187.8789,48.8281,20.48
2522,187.9424,63.4766,15.75
2523,187.9902,47.8516,20.90
2524,188.0547,64.4531,15.52
2525,188.1025,47.8516,20.90
2526,188.1660,63.4766,15.75
2527,188.2148,48.8281,20.48
2528,188.2793,64.4531,15.52
2529,188.3271,47.8516,20.90
2530,188.3906,63.4766,15.75
2531,188.4395,48.8281,20.48
2532,188.5039,64.4531,15.52
2533,188.5508,46.8750,21.33
2534,188.6143,63.4766,15.75
2535,188.6621,47.8516,20.90
2536,188.7275,65.4297,15.28
2537,188.7754,47.8516,20.90
2538,188.8398,64.4531,15.52
2539,188.8867,46.8750,21.33
2540,188.9512,64.4531,15.52
2541,188.9990,47.8516,20.90
2542,189.0625,63.4766,15.75
2543,189.1113,48.8281,20.48
2544,189.1748,63.4766,15.75
2545,189.2227,47.8516,20.90
2546,189.2871,64.4531,15.52
2547,189.3350,47.8516,20.90
2548,189.3984,63.4766,15.75
2549,189.4482,49.8047,20.08
2550,189.5127,64.4531,15.52
2551,189.5605,47.8516,20.90
2552,189.6240,63.4766,15.75
2553,189.6719,47.8516,20.90
2554,189.7373,65.4297,15.28
2555,189.7871,49.8047,20.08
2556,189.8516,64.4531,15.52
2557,189.9004,48.8281,20.48
2558,189.9648,64.4531,15.52
2559,190.0146,49.8047,20.08
2560,190.0781,63.4766,15.75
2561,190.1250,46.8750,21.33
2562,190.1895,64.4531,15.52
2563,190.2373,47.8516,20.90
2564,190.3018,64.4531,15.52
2565,190.3496,47.8516,20.90
2566,190.4141,64.4531,15.52
2567,190.4619,47.8516,20.90
2568,190.5264,64.4531,15.52
2569,190.5732,46.8750,21.33
2570,190.6377,64.4531,15.52
2571,190.6855,47.8516,20.90
2572,190.7500,64.4531,15.52
2573,190.7979,47.8516,20.90
2574,190.8633,65.4297,15.28
2575,190.9111,47.8516,20.90
2576,190.9756,64.4531,15.52
2577,191.0244,48.8281,20.48
2578,191.0879,63.4766,15.75
2579,191.1367,48.8281,20.48
2580,191.2012,64.4531,15.52
2581,191.2490,47.8516,20.90
2582,191.3145,65.4297,15.28
2583,191.3613,46.8750,21.33
2584,191.4258,64.4531,15.52
2585,191.4736,47.8516,20.90
2586,191.5381,64.4531,15.52
2587,191.5859,47.8516,20.90
2588,191.6514,65.4297,15.28
2589,191.6992,47.8516,20.90
2590,191.7627,63.4766,15.75
2591,191.8125,49.8047,20.08
2592,191.8770,64.4531,15.52
2593,191.9238,46.8750,21.33
2594,191.9893,65.4297,15.28
2595,192.0361,46.8750,21.33
2596,192.0996,63.4766,15.75
2597,192.1475,47.8516,20.90
2598,192.2119,64.4531,15.52
2599,192.2607,48.8281,20.48
2600,192.3262,65.4297,15.28
2601,192.3740,47.8516,20.90
2602,192.4385,64.4531,15.52
2603,192.4873,48.8281,20.48
2604,192.5518,64.4531,15.52
2605,192.5996,47.8516,20.90
2606,192.6641,64.4531,15.52
2607,192.7129,48.8281,20.48
2608,192.7764,63.4766,15.75
2609,192.8252,48.8281,20.48
2610,192.8896,64.4531,15.52
2611,192.9375,47.8516,20.90
2612,193.0029,65.4297,15.28
2613,193.0508,47.8516,20.90
2614,193.1143,63.4766,15.75
2615,193.1631,48.8281,20.48
2616,193.2275,64.4531,15.52
2617,193.2754,47.8516,20.90
2618,193.3389,63.4766,15.75
2619,193.3867,47.8516,20.90
2620,193.4512,64.4531,15.52
2621,193.4971,45.8984,21.79
2622,193.5605,63.4766,15.75
2623,193.6094,48.8281,20.48
2624,193.6729,63.4766,15.75
2625,193.7217,48.8281,20.48
2626,193.7861,64.4531,15.52
2627,193.8359,49.8047,20.08
2628,193.8994,63.4766,15.75
2629,193.9482,48.8281,20.48
2630,194.0137,65.4297,15.28
2631,194.0605,46.8750,21.33
2632,194.1240,63.4766,15.75
2633,194.1709,46.8750,21.33
2634,194.2354,64.4531,15.52
2635,194.2822,46.8750,21.33
2636,194.3477,65.4297,15.28
2637,194.3955,47.8516,20.90
2638,194.4600,64.4531,15.52
2639,194.5068,46.8750,21.33
2640,194.5713,64.4531,15.52
2641,194.6201,48.8281,20.48
2642,194.6846,64.4531,15.52
2643,194.7314,46.8750,21.33
2644,194.7949,63.4766,15.75
2645,194.8438,48.8281,20.48
2646,194.9082,63.4766,15.75
2647,194.9570,48.8281,20.48
2648,195.0215,64.4531,15.52
2649,195.0684,46.8750,21.33
2650,195.1318,63.4766,15.75
2651,195.1787,46.8750,21.33
2652,195.2432,64.4531,15.52
2653,195.2910,47.8516,20.90
2654,195.3545,63.4766,15.75
2655,195.4023,47.8516,20.90
2656,195.4658,63.4766,15.75
2657,195.5137,47.8516,20.90
2658,195.5781,64.4531,15.52
2659,195.6260,47.8516,20.90
2660,195.6914,65.4297,15.28
2661,195.7393,47.8516,20.90
2662,195.8037,64.4531,15.52
2663,195.8516,47.8516,20.90
2664,195.9170,65.4297,15.28
2665,195.9648,47.8516,20.90
